Rk,Player,Pos,Age,Tm,G,MP ▾,PER,TS%,3PAr,FTr,ORB%,DRB%,TRB%,AST%,STL%,BLK%,TOV%,USG%,,OWS,DWS,WS,WS/48,,OBPM,DBPM,BPM,VORP
1,James Harden,SG,25,HOU,77,2841,26.9,.607,.378,.559,2.8,14.3,8.5,34.2,2.6,1.5,14.8,31.3,,11.8,4.0,15.8,.267,,7.5,0.9,8.5,7.5
2,Damian Lillard,PG,24,POR,79,2832,20.9,.560,.423,.293,1.8,11.9,6.9,29.2,1.7,0.5,12.4,26.9,,7.3,3.3,10.6,.179,,5.1,0.1,5.2,5.1
3,Andrew Wiggins,SG,19,MIN,78,2801,13.6,.515,.111,.395,4.9,9.4,7.1,9.1,1.5,1.3,11.4,22.5,,1.9,0.1,1.9,.033,,-0.6,-1.8,-2.4,-0.3
4,Trevor Ariza,SF,29,HOU,78,2790,12.8,.537,.608,.160,2.9,14.6,8.7,11.4,2.6,0.4,12.6,16.6,,2.6,3.7,6.3,.108,,0.6,1.3,1.9,2.7
5,John Wall,PG,24,WAS,77,2757,20.2,.527,.185,.316,1.5,13.0,7.4,46.1,2.5,1.3,18.4,25.9,,3.9,4.1,8.0,.140,,2.6,1.2,3.7,4.0
6,Chris Paul,PG,29,LAC,79,2756,26.0,.595,.295,.279,2.1,12.5,7.4,47.3,2.8,0.4,12.8,23.8,,12.4,3.1,15.4,.268,,7.4,0.1,7.5,6.6
7,DeAndre Jordan,C,26,LAC,79,2716,20.7,.634,.008,.892,16.0,32.5,24.4,3.1,1.4,5.3,12.9,13.5,,6.9,5.1,12.0,.212,,0.7,3.1,3.7,3.9
8,Kyrie Irving,PG,22,CLE,73,2695,21.4,.582,.305,.299,2.3,7.5,4.9,24.6,2.2,0.6,11.8,26.2,,8.2,2.0,10.2,.182,,4.6,-1.4,3.2,3.6
9,Eric Bledsoe,PG,25,PHO,78,2686,18.5,.559,.258,.427,2.8,14.0,8.4,27.4,2.3,1.3,18.4,23.7,,4.0,2.9,6.9,.123,,1.7,1.0,2.7,3.2
10,Joe Johnson,SG,33,BRK,76,2652,14.1,.523,.330,.171,2.3,13.3,7.8,16.9,1.1,0.4,11.1,20.5,,2.4,1.3,3.7,.068,,0.9,-0.8,0.1,1.4
11,Monta Ellis,SG,29,DAL,77,2604,16.9,.509,.214,.227,1.4,6.4,3.9,20.6,2.8,0.7,11.4,28.1,,1.6,2.2,3.8,.071,,0.8,-0.8,0.1,1.4
12,Marc Gasol,C,30,MEM,77,2582,21.5,.557,.016,.413,4.8,21.8,13.4,19.6,1.4,4.1,12.5,24.6,,5.0,4.6,9.6,.179,,1.1,3.5,4.7,4.3
13,Gordon Hayward,SF,24,UTA,75,2579,20.1,.566,.304,.420,2.4,13.9,8.2,21.9,2.2,0.9,13.8,26.3,,5.7,2.8,8.5,.158,,3.3,0.0,3.3,3.5
14,Pau Gasol,PF,34,CHI,75,2577,22.7,.551,.023,.313,9.1,27.7,18.6,14.7,0.5,3.9,10.6,24.5,,5.9,4.2,10.0,.187,,0.8,2.0,2.9,3.1
15,Goran Dragic,SG-PG,28,TOT,76,2564,17.4,.578,.257,.237,3.4,8.3,5.8,22.5,1.5,0.5,13.8,21.8,,5.2,1.4,6.6,.124,,2.5,-1.4,1.1,2.0
16,Ty Lawson,PG,27,DEN,72,2559,18.7,.529,.223,.398,1.7,8.2,4.8,43.0,1.8,0.3,14.4,20.8,,5.8,1.2,7.0,.131,,2.9,-1.9,1.0,1.9
17,Tyreke Evans,SF,25,NOP,75,2558,17.5,.506,.200,.252,3.4,14.2,8.9,32.5,1.9,1.0,16.0,26.2,,2.1,2.0,4.1,.078,,1.6,0.1,1.7,2.4
18,Stephen Curry,PG,26,GSW,77,2529,27.9,.637,.481,.253,2.4,11.3,7.0,38.4,3.0,0.5,14.3,29.0,,11.1,4.0,15.2,.288,,9.6,0.4,9.9,7.6
19,Ben McLemore,SG,21,SAC,78,2527,10.0,.550,.470,.183,1.3,8.5,5.0,7.8,1.4,0.6,13.1,16.8,,1.6,0.7,2.3,.043,,0.2,-1.3,-1.1,0.6
20,Arron Afflalo,SG,29,TOT,78,2502,10.7,.533,.377,.224,1.1,9.7,5.3,8.2,0.8,0.2,10.7,19.0,,1.6,1.1,2.7,.051,,-0.5,-1.3,-1.8,0.1
21,Markieff Morris,PF,25,PHO,79,2495,15.7,.524,.162,.212,4.5,16.7,10.6,12.3,2.0,1.1,12.5,23.4,,1.8,2.7,4.5,.086,,-0.7,0.4,-0.2,1.1
22,LaMarcus Aldridge,PF,29,POR,70,2482,23.0,.530,.073,.258,7.7,23.0,15.5,9.3,1.0,1.9,7.2,30.1,,5.1,3.7,8.8,.171,,0.4,0.1,0.5,1.5
23,Kentavious Caldwell-Pope,SG,21,DET,78,2469,10.8,.493,.457,.158,1.9,8.9,5.2,6.5,1.8,0.6,8.2,19.5,,0.7,1.6,2.3,.045,,-0.5,-0.9,-1.4,0.4
24,Kevin Love,PF,26,CLE,72,2456,18.9,.559,.405,.344,6.6,26.6,16.8,10.8,1.1,1.2,10.0,21.6,,5.6,2.9,8.5,.166,,1.9,0.1,2.0,2.5
25,LeBron James,SF,30,CLE,67,2435,26.0,.579,.264,.411,2.3,16.5,9.5,38.1,2.3,1.6,15.4,32.3,,7.3,2.9,10.2,.201,,6.2,1.2,7.3,5.7
26,Giannis Antetokounmpo,SG,20,MIL,77,2416,15.0,.557,.054,.436,4.5,19.7,12.2,12.8,1.5,2.9,16.1,19.5,,2.1,3.7,5.8,.116,,-1.6,2.1,0.5,1.5
27,Rudy Gay,SF,28,SAC,68,2408,19.8,.556,.197,.352,4.8,13.8,9.4,19.1,1.5,1.4,12.4,26.9,,4.9,1.3,6.2,.124,,2.9,-0.7,2.2,2.6
28,Draymond Green,SF,24,GSW,76,2406,16.4,.538,.431,.260,5.1,22.2,13.9,16.0,2.4,3.0,13.3,17.4,,3.1,5.1,8.2,.164,,1.0,4.1,5.0,4.3
29,Victor Oladipo,PG,22,ORL,68,2406,16.1,.530,.221,.298,2.2,11.4,6.7,19.8,2.4,0.5,14.3,25.0,,1.7,1.8,3.5,.069,,0.6,-0.6,0.1,1.3
30,Jimmy Butler,SG,25,CHI,62,2403,21.3,.583,.212,.501,5.1,11.1,8.2,14.5,2.4,1.0,7.9,21.8,,7.8,2.8,10.6,.212,,4.1,0.7,4.8,4.1
31,Nikola Vucevic,C,24,ORL,70,2401,21.9,.554,.004,.182,10.6,26.4,18.4,10.7,1.1,1.7,10.3,26.1,,4.5,2.4,6.8,.137,,0.8,-0.2,0.6,1.6
32,Andre Drummond,C,21,DET,78,2374,21.3,.501,.002,.379,18.3,30.1,24.0,3.6,1.6,4.7,9.8,22.0,,3.0,4.1,7.1,.143,,-1.4,1.0,-0.4,0.9
33,Klay Thompson,SG,24,GSW,74,2371,20.2,.584,.418,.200,1.2,9.3,5.4,14.6,1.7,1.8,9.6,27.4,,5.1,3.1,8.2,.166,,3.3,-0.9,2.4,2.7
34,Paul Millsap,PF,29,ATL,72,2362,20.2,.568,.233,.364,6.9,19.9,13.7,15.3,2.7,2.4,13.3,23.9,,4.1,4.2,8.3,.169,,1.7,2.5,4.2,3.7
35,Avery Bradley,SG,24,BOS,74,2347,11.3,.504,.347,.099,2.1,9.0,5.5,8.6,1.7,0.5,9.2,21.0,,0.3,1.9,2.2,.044,,-0.8,-1.0,-1.9,0.1
36,Elfrid Payton,PG,20,ORL,78,2345,13.8,.459,.059,.299,5.0,11.4,8.2,32.7,2.8,0.6,20.5,18.7,,0.0,2.0,2.0,.041,,-1.4,0.7,-0.7,0.8
37,Luol Deng,SF,29,MIA,70,2344,15.5,.564,.279,.318,5.2,13.2,9.2,9.9,1.4,0.8,11.0,19.7,,3.6,1.6,5.1,.105,,1.1,-0.7,0.4,1.5
38,Marcin Gortat,C,30,WAS,78,2337,17.8,.587,.004,.226,8.3,24.0,16.4,6.2,1.0,3.7,11.0,17.5,,3.9,4.0,7.9,.163,,-0.6,2.3,1.7,2.2
39,Wilson Chandler,SF,27,DEN,74,2334,12.7,.517,.416,.147,3.9,17.1,10.3,9.0,1.1,1.0,9.8,19.8,,1.6,1.6,3.2,.066,,0.2,-0.3,-0.1,1.1
40,Kyle Korver,SG,33,ATL,72,2332,14.6,.699,.746,.181,0.7,13.1,7.1,12.2,1.1,1.5,14.4,14.2,,4.7,2.3,7.1,.146,,3.0,0.3,3.3,3.1
41,Nicolas Batum,SF,26,POR,69,2331,13.3,.525,.513,.167,2.9,15.7,9.4,20.4,1.6,1.2,17.1,14.6,,2.3,3.1,5.4,.111,,0.7,2.5,3.2,3.1
42,Mario Chalmers,PG,28,MIA,78,2331,11.8,.523,.374,.398,1.3,9.1,5.3,21.0,2.7,0.4,18.3,18.9,,0.8,2.0,2.7,.057,,-0.5,-0.4,-0.9,0.7
43,Jeff Green,SF,28,TOT,74,2322,14.9,.539,.302,.300,2.9,12.4,7.6,8.6,1.1,1.1,8.4,21.9,,3.0,2.2,5.3,.109,,0.3,-0.9,-0.6,0.8
44,J.J. Redick,SG,30,LAC,75,2321,16.2,.624,.491,.219,1.1,6.8,4.0,9.1,0.8,0.2,8.5,20.9,,5.7,0.9,6.5,.135,,3.5,-2.7,0.8,1.7
45,Anthony Davis,PF,21,NOP,64,2313,30.7,.590,.011,.374,8.1,24.0,16.1,11.1,2.1,6.2,6.2,27.7,,9.3,3.9,13.1,.273,,4.1,2.8,6.9,5.2
46,Thaddeus Young,PF,26,TOT,72,2312,16.0,.512,.119,.200,5.6,13.4,9.4,12.7,2.6,0.8,9.8,21.4,,1.9,1.4,3.2,.067,,0.4,-0.3,0.1,1.2
47,Nerlens Noel,PF,20,PHI,75,2311,15.0,.493,.000,.352,8.3,21.0,14.3,9.8,2.9,5.0,16.2,17.0,,-0.2,4.2,4.0,.083,,-3.8,4.5,0.8,1.6
48,Solomon Hill,SF,23,IND,78,2298,10.3,.509,.332,.307,3.2,11.5,7.4,12.1,1.5,0.6,13.8,16.0,,1.0,2.6,3.5,.074,,-1.0,0.9,-0.2,1.1
49,P.J. Tucker,SF,29,PHO,75,2278,12.5,.539,.428,.236,5.3,17.9,11.6,7.6,2.2,0.7,12.8,13.8,,2.1,2.6,4.7,.099,,-0.1,1.4,1.3,1.9
50,Kyle Lowry,PG,28,TOR,66,2274,19.6,.530,.372,.301,2.6,12.8,7.7,33.1,2.3,0.4,12.8,25.4,,5.1,1.8,6.9,.145,,4.4,-0.6,3.8,3.3
51,Trey Burke,PG,22,UTA,75,2269,12.7,.458,.387,.144,1.5,8.7,5.2,25.0,1.5,0.5,10.4,23.9,,0.9,1.6,2.5,.053,,0.1,-2.0,-1.9,0.1
52,Tobias Harris,SF,22,ORL,65,2264,16.5,.546,.253,.261,3.4,17.1,10.1,9.0,1.5,1.3,10.0,22.6,,2.6,1.7,4.3,.091,,0.3,-0.7,-0.4,0.9
53,Khris Middleton,PF,23,MIL,75,2261,15.3,.557,.308,.186,2.2,14.5,8.4,12.2,2.6,0.4,10.6,19.8,,2.9,3.2,6.0,.128,,0.7,0.4,1.1,1.8
54,Harrison Barnes,SF,22,GSW,79,2249,13.2,.576,.330,.233,5.4,15.0,10.4,6.8,1.3,0.5,9.2,14.8,,3.6,2.9,6.5,.140,,0.5,0.6,1.1,1.7
55,Blake Griffin,PF,25,LAC,64,2248,22.9,.554,.022,.374,6.2,17.8,12.1,26.0,1.3,1.2,10.2,28.4,,6.4,2.2,8.6,.185,,3.1,0.9,4.1,3.5
56,Derrick Favors,PF,23,UTA,72,2239,22.3,.563,.006,.365,10.0,20.6,15.3,9.4,1.4,4.4,10.1,23.9,,5.2,3.3,8.5,.182,,0.9,1.6,2.6,2.6
57,Danny Green,SG,27,SAS,78,2238,17.0,.600,.616,.171,2.8,14.1,8.5,10.1,2.3,2.9,10.2,17.6,,4.1,3.8,7.9,.169,,3.0,2.3,5.3,4.1
58,Courtney Lee,SG,29,MEM,73,2236,11.3,.552,.353,.198,1.0,7.6,4.3,9.9,1.7,0.4,10.3,15.2,,2.2,2.3,4.4,.095,,0.1,0.2,0.4,1.3
59,Al Horford,C,28,ATL,73,2234,21.2,.562,.039,.148,6.5,19.9,13.4,18.7,1.5,3.4,8.9,22.2,,4.9,3.4,8.3,.178,,1.3,2.5,3.8,3.3
60,Mike Conley,PG,27,MEM,70,2225,18.6,.558,.314,.282,1.5,9.2,5.4,28.0,2.1,0.5,13.6,23.7,,4.2,2.7,6.8,.147,,3.1,-0.5,2.7,2.6
61,Gerald Henderson,SG,27,CHO,76,2205,13.6,.521,.164,.263,1.7,11.7,6.6,15.5,1.1,0.7,10.4,20.5,,1.6,2.3,3.9,.085,,-0.9,-0.3,-1.1,0.5
62,Tyson Chandler,C,32,DAL,72,2203,19.8,.690,.000,.562,14.2,27.3,20.7,5.4,0.9,3.2,16.3,12.7,,6.7,3.0,9.7,.211,,1.8,2.4,4.2,3.4
63,Josh Smith,PF,29,TOT,79,2203,14.6,.464,.223,.222,7.2,18.1,12.5,20.8,1.9,3.9,16.1,24.5,,-1.3,3.2,2.0,.043,,-1.8,2.7,0.9,1.6
64,Gorgui Dieng,C,25,MIN,73,2193,17.2,.573,.012,.477,11.3,20.8,15.9,10.4,1.6,4.5,16.9,15.0,,3.4,1.6,5.0,.110,,0.1,2.4,2.6,2.5
65,Dirk Nowitzki,PF,36,DAL,74,2188,19.2,.559,.256,.271,2.2,20.0,11.0,10.5,0.8,1.1,6.2,24.9,,5.0,1.9,7.0,.153,,1.7,-1.1,0.6,1.4
66,Chandler Parsons,SF,26,DAL,66,2186,16.4,.567,.419,.233,3.2,13.1,8.1,11.5,1.6,0.7,9.5,20.7,,3.8,1.7,5.6,.122,,2.8,-0.2,2.6,2.5
67,Matt Barnes,SF,34,LAC,73,2185,11.5,.581,.599,.152,2.5,12.3,7.5,7.1,1.5,1.9,11.4,14.9,,2.3,2.0,4.3,.094,,1.1,0.8,1.8,2.1
68,Wesley Johnson,SF,27,LAL,74,2183,11.1,.505,.367,.167,3.1,12.9,7.8,8.5,1.4,1.6,10.2,16.4,,0.9,0.7,1.7,.037,,-0.9,-0.5,-1.4,0.3
69,Zach Randolph,PF,33,MEM,67,2171,19.6,.538,.023,.316,11.3,25.9,18.7,11.3,1.5,0.5,12.6,24.3,,3.2,3.6,6.8,.151,,0.4,1.0,1.4,1.8
70,Russell Westbrook,PG,26,OKC,63,2153,28.5,.531,.190,.451,6.1,16.3,11.3,47.3,3.1,0.5,14.6,38.3,,6.5,3.1,9.5,.212,,8.4,2.3,10.7,6.9
71,Jarrett Jack,PG,31,BRK,76,2149,14.5,.518,.172,.285,1.0,11.1,6.1,27.4,1.8,0.5,17.4,22.5,,1.0,1.3,2.3,.052,,-0.6,-1.0,-1.6,0.2
72,Jeff Teague,PG,26,ATL,70,2149,20.7,.569,.237,.370,1.6,7.5,4.6,37.7,2.9,1.2,16.7,25.3,,5.0,2.6,7.6,.170,,2.6,-0.7,1.9,2.1
73,Evan Turner,SG,26,BOS,78,2149,12.6,.482,.165,.191,2.0,18.4,10.1,29.3,1.8,0.6,19.5,19.4,,-0.3,2.5,2.2,.049,,-2.2,1.0,-1.1,0.5
74,Tim Duncan,PF,38,SAS,74,2133,22.0,.551,.009,.370,8.7,26.7,17.9,16.5,1.4,5.1,12.1,22.1,,4.3,4.5,8.8,.197,,0.4,4.7,5.1,3.8
75,Reggie Jackson,PG,24,TOT,73,2130,17.1,.512,.248,.202,2.7,13.1,7.9,34.1,1.4,0.3,14.5,24.5,,3.0,1.6,4.6,.103,,1.9,-1.1,0.8,1.5
76,Serge Ibaka,PF,25,OKC,64,2116,16.5,.549,.261,.140,7.0,18.1,12.7,4.2,0.7,5.8,10.4,19.0,,2.8,2.8,5.6,.127,,-0.5,1.4,0.8,1.5
77,Tristan Thompson,PF,23,CLE,78,2109,15.6,.580,.000,.512,14.6,19.6,17.1,2.6,0.8,2.1,12.0,13.9,,4.5,2.1,6.6,.150,,-0.3,-0.4,-0.6,0.7
78,DeMarre Carroll,SF,28,ATL,67,2100,16.1,.611,.469,.279,5.4,13.9,9.8,8.3,2.2,0.7,9.5,16.8,,4.3,2.6,6.9,.157,,2.6,0.6,3.2,2.8
79,Dion Waiters,SG,23,TOT,76,2054,10.4,.458,.257,.176,1.9,7.3,4.6,12.0,2.0,0.7,10.4,22.3,,-0.8,1.6,0.8,.019,,-2.4,-1.5,-3.9,-1.0
80,Patrick Patterson,PF,25,TOR,77,2042,14.9,.570,.527,.143,7.0,16.9,11.9,10.8,1.4,1.6,8.3,13.1,,4.4,1.6,6.0,.140,,2.6,0.7,3.3,2.7
81,Michael Carter-Williams,PG,23,TOT,62,2040,13.3,.453,.172,.310,3.3,15.4,9.1,37.5,2.5,1.1,20.0,26.8,,-2.6,2.6,0.0,.001,,-2.0,0.8,-1.2,0.4
82,Donatas Motiejunas,PF,24,HOU,71,2037,14.4,.553,.190,.237,7.4,15.4,11.4,10.8,1.4,1.3,13.7,19.0,,2.4,2.3,4.7,.110,,-0.7,0.5,-0.1,1.0
83,Brandon Knight,PG-SG,23,TOT,63,2035,17.2,.543,.361,.251,1.6,12.0,6.8,27.5,2.3,0.4,16.1,25.9,,2.0,2.4,4.4,.104,,1.8,-0.7,1.1,1.6
84,Rudy Gobert,C,22,UTA,78,2030,21.6,.634,.005,.682,14.2,27.0,20.7,8.2,1.6,7.0,16.9,13.7,,4.9,4.0,8.9,.210,,0.8,5.1,5.8,4.0
85,Wesley Matthews,SG,28,POR,60,2024,16.1,.585,.592,.193,2.1,9.6,5.9,10.9,1.9,0.4,9.0,19.9,,4.0,2.3,6.3,.149,,3.8,0.1,3.9,3.0
86,Greg Monroe,PF,24,DET,65,2022,21.2,.549,.000,.391,11.4,25.5,18.2,11.6,1.8,1.3,13.4,24.0,,3.6,2.6,6.2,.147,,0.5,1.2,1.8,1.9
87,J.R. Smith,SG,29,TOT,67,2021,13.7,.537,.555,.098,1.7,10.4,6.1,15.6,2.1,0.8,10.8,19.2,,2.2,1.5,3.6,.086,,1.7,-0.9,0.8,1.5
88,Joakim Noah,C,29,CHI,66,2018,15.5,.482,.005,.410,12.0,22.2,17.2,23.4,1.2,2.6,19.5,13.9,,2.5,3.0,5.5,.131,,-0.1,3.6,3.5,2.8
89,DeMarcus Cousins,C,24,SAC,59,2013,25.3,.545,.008,.508,10.8,30.7,21.1,20.5,2.3,4.1,16.3,34.1,,2.9,3.2,6.1,.145,,1.5,3.3,4.8,3.4
90,Kemba Walker,PG,24,CHO,58,2006,18.1,.492,.281,.294,1.9,10.1,5.9,26.6,2.2,1.2,8.1,26.0,,2.1,2.6,4.7,.112,,2.5,0.2,2.7,2.4
91,Jonas Valanciunas,C,22,TOR,76,2002,20.8,.622,.002,.429,11.9,26.4,19.2,3.1,0.8,3.7,12.0,19.1,,5.7,2.3,8.0,.192,,0.2,-0.5,-0.3,0.8
92,Andre Iguodala,SG,31,GSW,74,2001,12.5,.556,.421,.236,2.4,10.8,6.7,14.5,2.1,0.9,14.0,13.5,,2.2,2.8,5.0,.120,,0.1,1.5,1.6,1.8
93,Enes Kanter,C,22,TOT,71,2001,19.8,.558,.048,.252,14.6,20.8,17.8,4.7,0.9,1.1,12.8,24.8,,3.6,2.0,5.7,.136,,-0.2,-2.3,-2.6,-0.3
94,Bradley Beal,SG,21,WAS,60,1996,14.0,.525,.302,.197,3.1,9.5,6.4,15.4,1.8,0.6,12.0,22.2,,1.4,2.3,3.7,.089,,0.6,0.0,0.6,1.3
95,Terrence Ross,SF,23,TOR,78,1993,11.2,.523,.513,.079,1.7,10.7,6.2,6.5,1.3,0.9,8.2,18.1,,1.4,0.9,2.3,.056,,0.2,-1.7,-1.5,0.3
96,DeMar DeRozan,SG,25,TOR,57,1992,17.1,.506,.085,.444,2.2,13.1,7.7,16.7,1.7,0.4,10.2,28.4,,2.3,1.2,3.5,.085,,-0.5,-1.4,-1.9,0.0
97,Al Jefferson,C,30,CHO,65,1992,19.7,.500,.005,.163,5.3,25.4,15.1,11.5,1.2,3.3,5.9,26.3,,1.4,3.5,4.8,.117,,-1.3,1.6,0.3,1.1
98,Corey Brewer,SF,28,TOT,76,1988,13.7,.503,.298,.271,4.3,11.7,7.9,13.9,2.8,0.7,12.8,21.5,,0.8,2.0,2.8,.067,,-0.9,-0.2,-1.1,0.4
99,Kenneth Faried,PF,25,DEN,72,1988,18.1,.544,.010,.386,11.7,23.2,17.2,7.1,1.4,2.2,11.7,20.1,,3.2,2.1,5.3,.129,,-0.4,1.0,0.5,1.3
100,Marcus Morris,PF,25,PHO,79,1987,13.9,.526,.413,.153,3.8,16.6,10.2,10.2,1.6,0.6,8.3,18.9,,2.3,1.8,4.1,.100,,0.4,-0.5,-0.1,1.0
101,Deron Williams,PG,30,BRK,64,1981,16.2,.516,.308,.320,1.4,10.6,6.0,33.8,1.6,0.6,14.9,22.4,,2.6,1.1,3.7,.091,,1.7,-1.5,0.2,1.1
102,Mo Williams,PG,32,TOT,67,1973,15.4,.512,.404,.218,1.2,8.9,4.9,36.9,1.2,0.6,15.4,25.2,,1.6,0.6,2.2,.054,,2.1,-3.4,-1.2,0.4
103,Brook Lopez,C,26,BRK,68,1970,22.7,.558,.011,.270,11.4,17.1,14.3,4.7,0.9,4.9,8.8,26.7,,4.4,2.0,6.3,.154,,0.4,-0.5,-0.1,0.9
104,Timofey Mozgov,C,28,TOT,77,1968,16.6,.600,.011,.392,10.8,21.3,16.0,4.3,0.9,3.8,14.8,16.3,,3.5,2.2,5.7,.140,,-1.1,1.0,-0.1,1.0
105,Amir Johnson,PF,27,TOR,73,1942,15.3,.603,.090,.253,9.2,17.1,13.1,9.3,1.1,2.3,16.1,15.7,,3.4,1.5,4.9,.122,,0.9,0.9,1.8,1.8
106,Marvin Williams,PF,28,CHO,74,1938,11.7,.542,.537,.176,3.2,18.1,10.4,7.4,1.8,1.4,10.1,13.3,,1.4,2.9,4.3,.105,,-0.8,1.8,1.0,1.5
107,Rajon Rondo,PG,28,TOT,65,1933,13.3,.441,.130,.113,4.0,16.5,10.2,39.4,2.3,0.3,23.5,19.6,,-0.8,2.1,1.3,.032,,-1.7,1.0,-0.7,0.7
108,Louis Williams,SG,28,TOR,77,1928,19.9,.565,.486,.427,1.4,7.1,4.2,13.6,2.3,0.4,8.4,26.8,,5.2,1.1,6.3,.157,,4.1,-3.1,1.0,1.5
109,Kawhi Leonard,SF,23,SAS,61,1921,22.3,.569,.241,.309,4.9,20.4,12.8,13.3,3.8,1.8,9.6,23.2,,4.1,4.2,8.3,.208,,2.8,3.5,6.3,4.0
110,Luc Mbah a Moute,PF,28,PHI,67,1916,10.6,.466,.318,.256,4.4,14.6,9.3,9.8,2.1,0.9,12.3,18.4,,-0.9,2.0,1.1,.027,,-3.3,0.1,-3.2,-0.6
111,Jeremy Lin,PG,26,LAL,74,1907,15.7,.539,.269,.410,1.5,10.2,5.7,28.7,2.2,1.4,17.7,21.9,,1.8,0.9,2.7,.069,,0.6,-1.3,-0.7,0.6
112,Dwyane Wade,SG,33,MIA,60,1904,21.3,.534,.094,.335,3.4,9.7,6.6,32.3,2.0,0.8,14.5,34.6,,2.0,1.3,3.3,.083,,2.3,-1.3,1.0,1.4
113,Boris Diaw,PF,32,SAS,78,1900,12.7,.526,.278,.148,4.5,15.2,9.9,17.9,1.0,0.9,15.7,18.1,,1.3,2.3,3.6,.090,,-0.5,0.8,0.2,1.1
114,Eric Gordon,SG,26,NOP,57,1889,12.6,.543,.453,.194,1.5,7.4,4.5,18.0,1.3,0.5,14.5,19.6,,1.9,0.7,2.6,.065,,1.3,-2.0,-0.7,0.6
115,D.J. Augustin,PG,27,TOT,78,1886,14.3,.532,.378,.322,1.1,8.1,4.6,28.6,1.3,0.1,16.5,20.0,,2.5,0.9,3.5,.088,,0.4,-2.7,-2.2,-0.1
116,Greivis Vasquez,PG,28,TOR,78,1883,12.5,.512,.484,.091,1.4,11.0,6.2,23.9,1.2,0.4,13.9,20.1,,1.6,0.8,2.4,.062,,0.9,-2.2,-1.3,0.4
117,Omer Asik,C,28,NOP,72,1880,15.4,.548,.000,.545,13.9,28.8,21.4,5.4,0.8,2.1,16.2,13.9,,2.6,2.1,4.7,.119,,-1.4,0.6,-0.8,0.6
118,Jason Thompson,PF,28,SAC,77,1874,10.0,.500,.003,.330,8.3,21.2,15.0,6.1,0.8,2.2,14.3,12.5,,0.9,1.3,2.2,.057,,-2.6,0.7,-1.8,0.1
119,Tony Parker,PG,32,SAS,65,1864,16.1,.541,.110,.206,0.9,6.6,3.8,29.0,1.2,0.1,14.0,24.7,,2.3,1.6,4.0,.102,,0.3,-2.2,-1.9,0.1
120,Robert Covington,SF,24,PHI,67,1856,14.5,.553,.594,.266,3.4,14.7,8.8,9.6,2.5,1.1,12.7,21.4,,1.5,2.2,3.8,.097,,0.6,-0.5,0.0,1.0
121,Channing Frye,PF,31,ORL,73,1849,9.5,.547,.712,.073,1.6,16.4,8.9,7.4,1.3,1.7,13.5,14.0,,0.6,1.3,2.0,.051,,-0.8,0.0,-0.8,0.6
122,Paul Pierce,SF,37,WAS,70,1847,15.2,.579,.456,.323,2.8,14.0,8.5,11.7,1.2,1.0,11.0,20.3,,3.1,2.2,5.3,.137,,1.7,-0.3,1.4,1.6
123,Brandon Bass,PF,29,BOS,78,1840,16.5,.558,.047,.320,7.7,14.9,11.2,8.8,1.0,1.3,9.3,19.5,,3.4,1.6,5.1,.132,,-0.3,-0.4,-0.7,0.6
124,Jordan Hill,C,27,LAL,68,1820,16.3,.496,.011,.223,10.1,23.3,16.5,9.4,1.0,2.3,11.2,22.5,,1.1,1.1,2.3,.060,,-1.9,-0.5,-2.3,-0.2
125,Roy Hibbert,C,28,IND,72,1813,15.3,.499,.003,.292,8.9,21.7,15.4,7.5,0.5,5.2,11.9,21.6,,0.8,3.0,3.8,.101,,-3.2,2.1,-1.1,0.4
126,Aaron Brooks,PG,30,CHI,79,1809,14.3,.535,.383,.217,1.9,7.4,4.7,24.0,1.4,0.6,14.9,25.0,,1.7,1.4,3.1,.082,,1.0,-2.6,-1.6,0.2
127,David West,PF,34,IND,62,1774,16.2,.507,.028,.225,6.4,20.2,13.3,20.1,1.3,2.0,13.5,21.1,,1.3,2.7,4.0,.108,,-0.7,2.4,1.7,1.7
128,Shane Larkin,PG,22,NYK,72,1764,10.8,.499,.277,.172,1.8,9.3,5.5,19.1,2.6,0.4,14.4,13.4,,0.8,0.8,1.6,.043,,-1.5,-0.7,-2.2,-0.1
129,Norris Cole,PG,26,TOT,71,1760,10.5,.478,.319,.149,0.9,9.3,5.2,22.3,1.6,0.5,14.7,17.5,,0.2,1.0,1.1,.030,,-1.7,-1.6,-3.3,-0.6
130,Rodney Stuckey,PG,28,IND,67,1749,15.4,.531,.185,.290,2.2,12.6,7.4,20.2,1.5,0.4,12.7,23.5,,1.7,2.0,3.7,.102,,0.2,-0.3,-0.2,0.8
131,Ed Davis,PF,25,LAL,75,1748,20.0,.604,.000,.409,12.9,22.8,17.7,8.3,1.4,4.3,9.8,14.6,,4.5,1.6,6.1,.167,,1.2,1.9,3.1,2.2
132,Alan Anderson,SG,32,BRK,74,1744,10.6,.563,.477,.230,2.0,11.1,6.6,7.3,1.7,0.2,11.0,14.3,,1.7,1.0,2.7,.073,,0.0,-0.6,-0.6,0.6
133,Mike Dunleavy,SF,34,CHI,60,1743,11.8,.580,.545,.182,1.7,12.6,7.3,9.9,1.0,0.9,10.5,14.2,,2.4,1.5,4.0,.109,,0.7,-0.3,0.5,1.1
134,Zach LaVine,PG,19,MIN,73,1739,10.3,.505,.233,.258,1.7,11.2,6.3,23.4,1.5,0.4,21.4,21.7,,-1.2,0.0,-1.2,-0.032,,-2.3,-2.5,-4.9,-1.3
135,Bojan Bogdanovic,SF,25,BRK,74,1731,10.9,.549,.442,.189,3.3,9.8,6.6,5.6,1.0,0.4,11.4,16.9,,1.3,0.6,1.8,.051,,-0.3,-1.8,-2.1,0.0
136,Patrick Beverley,PG,26,HOU,56,1727,11.3,.509,.607,.113,4.3,10.9,7.6,17.2,1.7,1.0,12.9,16.1,,1.7,1.7,3.4,.096,,0.5,0.3,0.8,1.2
137,Kyle Singler,SF,26,TOT,77,1722,8.6,.515,.536,.118,2.0,10.2,6.0,7.3,1.4,1.0,10.4,13.2,,0.9,1.1,2.0,.057,,-1.2,-0.2,-1.4,0.2
138,Dante Exum,PG,19,UTA,78,1716,5.9,.458,.631,.081,1.8,6.7,4.3,16.6,1.2,0.6,20.7,13.8,,-0.8,1.0,0.1,.003,,-2.4,-1.3,-3.7,-0.8
139,C.J. Miles,SG,27,IND,66,1702,13.1,.513,.537,.194,1.2,11.1,6.2,7.0,1.7,1.1,7.8,23.5,,0.8,2.1,2.8,.080,,0.4,-1.3,-0.9,0.5
140,Anthony Morrow,SG,29,OKC,70,1701,14.8,.606,.520,.147,2.5,8.5,5.6,5.3,1.4,0.5,5.8,16.6,,4.2,1.1,5.3,.150,,2.4,-1.9,0.6,1.1
141,Marcus Smart,PG,20,BOS,63,1687,10.6,.487,.576,.272,3.6,10.1,6.8,16.5,2.7,0.7,15.3,15.1,,0.5,1.9,2.4,.068,,-0.3,1.1,0.8,1.2
142,Quincy Pondexter,SF-SG,26,TOT,71,1684,10.4,.559,.535,.212,3.4,8.7,6.1,7.9,0.6,1.1,9.2,13.9,,2.2,0.7,3.0,.084,,0.7,-1.2,-0.6,0.6
143,Hollis Thompson,SG,23,PHI,68,1676,10.8,.537,.529,.169,3.1,9.6,6.2,8.2,1.7,1.3,10.7,15.6,,1.0,1.3,2.4,.068,,-1.4,-0.7,-2.0,0.0
144,Wayne Ellington,SG,27,LAL,65,1675,11.7,.504,.394,.104,2.0,12.2,6.9,10.2,1.0,0.1,7.2,18.5,,1.1,0.1,1.2,.035,,-0.3,-2.6,-2.9,-0.4
145,Mason Plumlee,C,24,BRK,78,1675,18.2,.576,.006,.652,11.1,21.6,16.4,6.8,1.9,3.0,14.2,19.1,,2.5,2.1,4.7,.134,,-0.4,1.3,0.9,1.2
146,Jason Smith,C,28,NYK,78,1668,11.7,.492,.069,.250,6.2,14.6,10.2,12.9,0.9,1.8,12.9,19.4,,0.4,0.5,1.0,.028,,-2.6,-1.2,-3.8,-0.8
147,Jerryd Bayless,PG,26,MIL,74,1666,11.6,.524,.233,.270,1.5,12.3,6.9,21.1,1.8,0.6,18.1,18.6,,0.6,1.9,2.5,.072,,-2.0,-0.4,-2.4,-0.2
148,Jared Dudley,SG,29,MIL,70,1662,12.7,.580,.452,.157,3.1,11.5,7.3,11.8,2.1,0.6,12.1,13.7,,2.1,1.9,4.1,.117,,0.4,0.4,0.8,1.2
149,Carlos Boozer,PF,33,LAL,69,1661,16.4,.517,.000,.204,6.6,25.0,15.5,10.4,1.3,0.5,10.2,23.7,,1.2,1.0,2.2,.063,,-1.7,-1.5,-3.2,-0.5
150,Steven Adams,C,21,OKC,66,1658,14.0,.557,.003,.483,11.8,19.6,15.8,5.9,1.1,3.7,17.6,14.5,,1.7,2.1,3.8,.111,,-1.5,1.9,0.4,1.0
151,Isaiah Thomas,PG,25,TOT,64,1653,20.5,.581,.430,.438,2.2,7.6,4.9,26.8,1.7,0.2,13.3,27.8,,4.8,1.0,5.8,.169,,4.6,-2.8,1.8,1.5
152,Tyler Zeller,C,25,BOS,78,1653,18.8,.594,.000,.307,9.1,20.4,14.7,10.8,0.5,2.4,10.3,19.6,,4.2,1.8,6.0,.173,,0.4,0.3,0.7,1.1
153,Devin Harris,PG,31,DAL,74,1651,14.5,.553,.512,.304,0.9,8.0,4.4,20.0,2.3,0.7,12.3,18.0,,2.7,1.3,4.0,.116,,1.8,-0.7,1.1,1.3
154,Zaza Pachulia,C,30,MIL,69,1651,15.7,.507,.006,.306,13.1,19.8,16.5,16.3,2.3,1.1,18.1,19.1,,1.3,2.6,3.9,.114,,-0.8,2.2,1.4,1.4
155,Tony Allen,SG,33,MEM,63,1648,14.6,.528,.064,.277,7.2,12.2,9.7,8.1,4.1,1.5,14.4,16.6,,0.9,3.2,4.1,.119,,-0.4,3.7,3.3,2.2
156,Nene Hilario,PF,32,WAS,65,1647,14.3,.533,.009,.342,5.6,17.0,11.4,12.1,2.1,1.1,15.3,21.9,,0.5,2.5,3.0,.087,,-1.9,1.4,-0.5,0.6
157,Evan Fournier,SG,22,ORL,57,1636,12.2,.541,.388,.255,1.8,8.5,5.1,11.5,1.2,0.1,11.2,19.6,,1.4,0.5,1.9,.055,,0.1,-2.3,-2.2,-0.1
158,Jamal Crawford,SG,34,LAC,61,1631,17.1,.536,.431,.306,1.2,7.0,4.2,14.9,1.7,0.7,8.7,27.9,,2.6,1.1,3.6,.107,,1.9,-2.8,-0.9,0.5
159,Taj Gibson,PF,29,CHI,59,1614,16.0,.539,.000,.359,10.8,14.7,12.8,7.1,1.1,3.1,11.3,17.8,,2.5,1.9,4.5,.133,,-0.6,1.0,0.4,1.0
160,Kirk Hinrich,SG,34,CHI,65,1604,6.8,.468,.441,.131,1.4,6.7,4.1,13.9,1.5,0.6,15.3,13.3,,-0.3,1.2,0.9,.028,,-2.3,-0.6,-2.9,-0.3
161,O.J. Mayo,SG,27,MIL,67,1601,13.4,.525,.398,.198,2.1,10.2,6.2,19.5,1.6,1.0,14.0,23.4,,0.9,1.6,2.5,.076,,0.0,-1.4,-1.4,0.3
162,Joe Ingles,SF,27,UTA,75,1593,10.1,.540,.576,.118,1.6,10.7,6.2,17.0,2.3,0.5,20.4,12.6,,0.8,1.6,2.3,.071,,-0.8,0.3,-0.5,0.6
163,Ryan Anderson,PF,26,NOP,57,1590,16.0,.527,.496,.213,7.5,12.7,10.1,5.6,1.1,0.8,7.3,23.6,,2.7,0.8,3.5,.105,,2.3,-3.1,-0.8,0.5
164,Luis Scola,PF,34,IND,77,1588,17.0,.517,.032,.338,9.2,25.7,17.5,11.3,1.5,0.8,11.2,22.9,,1.7,2.6,4.2,.128,,-1.3,0.7,-0.6,0.6
165,Michael Kidd-Gilchrist,SF,21,CHO,55,1587,15.1,.519,.000,.444,7.4,21.8,14.4,8.1,1.0,1.9,9.9,18.3,,1.6,2.3,3.9,.117,,-2.1,1.4,-0.7,0.5
166,Nikola Mirotic,PF,23,CHI,79,1583,17.7,.552,.492,.466,4.3,22.4,13.6,9.8,1.6,2.3,10.7,22.8,,2.8,2.5,5.3,.160,,0.9,-0.1,0.8,1.1
167,Jae Crowder,SF,24,TOT,79,1576,14.0,.522,.383,.254,4.9,14.7,9.7,8.7,2.1,1.2,7.7,17.4,,1.9,1.8,3.7,.113,,0.1,0.5,0.6,1.0
168,Lance Stephenson,SG,24,CHO,61,1573,8.8,.419,.191,.200,2.7,17.1,9.7,25.2,1.2,0.4,17.6,21.0,,-2.6,1.9,-0.7,-0.023,,-4.0,0.6,-3.4,-0.5
169,Dante Cunningham,PF,27,NOP,62,1572,8.7,.463,.028,.138,4.9,12.3,8.7,4.4,1.5,1.6,9.2,11.0,,0.3,1.1,1.3,.041,,-2.7,0.9,-1.8,0.1
170,Darren Collison,PG,27,SAC,45,1565,17.5,.575,.293,.335,1.4,8.7,5.2,27.3,2.2,0.7,15.1,20.9,,3.0,0.8,3.8,.117,,2.8,-1.3,1.5,1.4
171,Robin Lopez,C,26,POR,56,1561,16.3,.571,.002,.286,13.0,13.6,13.3,5.2,0.5,3.7,13.1,15.6,,3.0,1.9,5.0,.153,,0.1,2.1,2.2,1.6
172,Chris Bosh,C,30,MIA,44,1556,19.8,.548,.226,.311,3.6,20.1,12.0,12.0,1.4,1.4,10.1,28.5,,2.1,1.5,3.6,.111,,0.9,-1.0,-0.1,0.7
173,Tim Hardaway,SG,22,NYK,66,1552,11.9,.506,.489,.211,0.8,10.3,5.4,13.2,0.6,0.7,9.0,23.7,,0.7,-0.1,0.6,.019,,0.0,-4.3,-4.3,-0.9
174,Caron Butler,SF,34,DET,74,1542,8.7,.524,.539,.152,1.4,12.4,6.7,7.3,1.4,0.2,10.1,12.8,,1.0,1.0,2.0,.061,,-1.4,-0.4,-1.8,0.1
175,Jason Terry,SG,37,HOU,73,1536,11.2,.573,.725,.114,1.1,7.3,4.2,14.0,2.0,0.9,14.2,14.3,,1.7,1.4,3.2,.099,,0.0,-0.6,-0.6,0.5
176,Austin Rivers,PG-SG,22,TOT,74,1534,10.3,.479,.267,.259,1.9,8.9,5.4,15.0,1.6,0.7,10.6,17.9,,0.5,0.9,1.4,.045,,-1.7,-1.3,-2.9,-0.4
177,Manu Ginobili,SG,37,SAS,67,1527,16.4,.548,.435,.336,2.0,12.9,7.6,28.7,2.1,0.8,18.3,23.9,,1.5,2.2,3.7,.116,,1.5,0.2,1.7,1.4
178,Andrew Bogut,C,30,GSW,64,1525,16.0,.566,.000,.117,10.0,26.6,18.6,15.3,1.3,5.4,22.1,13.2,,1.8,3.3,5.2,.162,,-1.3,5.7,4.3,2.4
179,Alex Len,C,21,PHO,69,1518,13.5,.542,.008,.295,10.2,22.7,16.4,3.1,1.1,5.3,15.7,13.7,,1.3,2.2,3.4,.109,,-3.2,2.3,-0.9,0.4
180,Jared Sullinger,PF,22,BOS,54,1488,18.2,.507,.260,.179,10.4,21.1,15.6,13.8,1.4,1.9,9.0,23.6,,2.0,1.9,3.9,.124,,1.3,0.7,1.9,1.5
181,Cody Zeller,C,22,CHO,62,1487,14.1,.530,.003,.440,7.0,20.1,13.4,10.8,1.2,2.6,12.2,15.5,,1.7,2.2,3.9,.126,,-2.1,2.5,0.5,0.9
182,Steve Blake,PG,34,POR,79,1483,9.4,.504,.661,.117,1.2,8.3,4.8,26.0,1.3,0.2,23.1,13.1,,0.7,1.4,2.1,.067,,-1.3,-0.9,-2.2,-0.1
183,Trevor Booker,PF,27,UTA,76,1483,14.6,.526,.172,.299,10.4,18.7,14.6,8.9,1.5,2.0,14.6,17.9,,1.4,1.8,3.1,.101,,-0.9,0.7,-0.2,0.7
184,Derrick Rose,PG,26,CHI,48,1468,15.7,.494,.325,.223,2.7,8.3,5.6,30.1,1.1,0.8,15.0,31.7,,0.0,1.1,1.0,.034,,1.0,-2.5,-1.5,0.2
185,Iman Shumpert,SG,24,TOT,59,1454,11.5,.496,.420,.133,4.1,11.8,7.9,14.2,2.8,0.9,14.9,17.0,,0.2,1.3,1.5,.050,,-0.6,0.3,-0.3,0.6
186,Dennis Schroder,PG,21,ATL,74,1451,15.5,.511,.224,.280,2.3,9.6,6.1,34.9,1.7,0.2,16.8,26.7,,1.1,1.4,2.4,.080,,-0.5,-2.1,-2.6,-0.2
187,Rasual Butler,SF,35,WAS,72,1440,11.3,.533,.456,.136,2.0,12.5,7.4,6.6,0.9,1.2,8.4,18.0,,1.0,1.5,2.5,.083,,-0.8,-0.9,-1.8,0.1
188,Carmelo Anthony,SF,30,NYK,40,1428,21.6,.531,.222,.294,5.6,16.0,10.7,18.0,1.5,1.0,8.9,32.2,,2.3,0.6,2.9,.097,,3.6,-2.2,1.4,1.2
189,C.J. Watson,PG,30,IND,57,1422,15.4,.581,.420,.400,1.4,11.2,6.4,23.3,2.1,0.5,16.9,18.8,,2.2,1.8,4.0,.135,,1.4,0.2,1.6,1.3
190,Brandan Wright,PF,27,TOT,74,1421,20.5,.660,.006,.313,9.7,14.6,12.2,4.2,1.7,5.1,7.7,13.7,,4.3,1.8,6.0,.204,,1.2,2.4,3.6,2.0
191,Cory Joseph,PG,23,SAS,76,1408,15.5,.560,.102,.346,3.5,11.3,7.5,19.6,1.7,0.9,12.0,17.0,,2.6,1.8,4.4,.149,,0.2,0.6,0.8,1.0
192,Jameer Nelson,PG,32,TOT,63,1407,12.1,.503,.512,.071,2.5,8.9,5.7,28.0,1.7,0.3,17.3,19.6,,0.6,0.8,1.4,.047,,0.6,-1.6,-1.0,0.4
193,Shaun Livingston,PG,29,GSW,75,1403,12.8,.523,.005,.221,3.2,10.1,6.8,24.4,1.6,1.1,18.9,16.1,,1.3,1.8,3.1,.106,,-2.2,0.5,-1.7,0.1
194,Beno Udrih,PG,32,MEM,75,1389,15.6,.549,.203,.212,1.4,9.4,5.4,25.0,1.6,0.5,14.0,19.6,,1.9,1.5,3.4,.117,,0.2,-1.0,-0.8,0.4
195,Gerald Green,SG,29,PHO,71,1381,15.2,.528,.500,.151,2.6,11.6,7.1,10.9,1.5,0.7,11.2,28.4,,0.8,1.0,1.8,.063,,0.8,-3.1,-2.3,-0.1
196,Chris Kaman,C,32,POR,72,1378,17.3,.533,.000,.189,11.8,25.3,18.7,7.8,0.7,2.8,15.2,22.4,,1.1,2.2,3.3,.114,,-2.5,1.1,-1.3,0.2
197,Tayshaun Prince,SF,34,TOT,57,1378,12.1,.508,.169,.164,4.0,12.8,8.3,10.2,1.1,0.9,7.6,15.0,,1.3,1.2,2.5,.087,,-1.4,0.1,-1.3,0.2
198,Lance Thomas,PF-SF,26,TOT,58,1365,8.0,.451,.036,.231,5.0,10.4,7.7,7.2,1.3,0.5,13.1,17.4,,-0.9,0.4,-0.5,-0.018,,-4.4,-1.6,-5.9,-1.4
199,Kelly Olynyk,C,23,BOS,60,1360,15.8,.553,.325,.260,7.0,16.2,11.5,12.4,2.3,2.2,14.3,21.2,,1.4,1.9,3.2,.114,,0.6,1.3,1.9,1.3
200,Jodie Meeks,SG,27,DET,56,1355,13.4,.534,.396,.299,0.8,7.2,3.8,9.1,2.0,0.3,8.6,20.1,,1.7,0.8,2.6,.091,,0.2,-1.6,-1.5,0.2
201,Jordan Clarkson,PG,22,LAL,56,1349,16.5,.527,.199,.277,4.2,10.7,7.3,23.4,1.5,0.6,12.6,22.8,,1.8,0.3,2.1,.076,,1.2,-2.0,-0.8,0.4
202,Tony Snell,SF,23,CHI,69,1348,10.1,.551,.527,.154,2.5,10.4,6.5,6.6,1.2,0.5,10.9,14.0,,1.1,1.1,2.2,.079,,-0.7,-1.0,-1.7,0.1
203,Derrick Williams,PF,23,SAC,70,1344,12.3,.539,.327,.392,3.2,12.2,7.9,5.1,1.1,0.2,9.0,18.2,,1.4,0.4,1.8,.065,,-0.8,-2.7,-3.5,-0.5
204,K.J. McDaniels,SG,21,TOT,61,1343,10.6,.494,.347,.305,5.0,11.3,8.0,9.4,1.6,4.2,17.7,19.3,,-0.9,1.5,0.6,.020,,-3.8,1.2,-2.7,-0.2
205,J.J. Hickson,C,26,DEN,69,1336,14.2,.503,.005,.443,10.8,24.0,17.2,6.8,1.2,2.0,15.2,19.8,,0.3,1.4,1.7,.060,,-3.3,0.4,-2.8,-0.3
206,Marco Belinelli,SG,28,SAS,59,1335,12.4,.551,.487,.206,2.2,10.5,6.4,10.5,1.1,0.2,10.6,18.9,,1.4,1.3,2.8,.099,,0.6,-1.1,-0.6,0.5
207,James Johnson,PF,27,TOR,67,1333,18.2,.618,.122,.260,5.1,16.8,11.0,11.4,2.1,4.1,14.5,17.3,,2.5,1.6,4.1,.148,,0.8,2.2,3.0,1.7
208,Anthony Tolliver,PF,29,TOT,72,1332,11.0,.569,.740,.191,3.7,14.3,8.8,6.3,0.9,0.9,10.9,14.6,,1.7,0.9,2.5,.091,,0.4,-1.1,-0.7,0.4
209,Danilo Gallinari,SF,26,DEN,56,1323,15.5,.544,.541,.323,2.2,14.4,8.1,8.9,1.7,1.1,8.4,21.6,,2.1,1.0,3.1,.111,,1.6,-1.0,0.6,0.9
210,Henry Sims,C,24,PHI,70,1319,14.7,.526,.042,.278,8.8,19.5,13.9,10.7,1.4,1.6,15.0,20.7,,0.6,1.4,2.0,.074,,-3.2,-0.2,-3.4,-0.5
211,Omri Casspi,SF,26,SAC,64,1317,13.7,.573,.192,.414,4.6,15.5,10.3,11.1,1.1,0.5,15.1,18.2,,1.6,0.6,2.2,.082,,-0.4,-1.3,-1.7,0.1
212,Langston Galloway,PG,23,NYK,41,1317,11.8,.480,.346,.159,3.1,12.6,7.7,16.8,1.8,0.7,9.9,19.1,,0.4,0.5,0.9,.034,,-0.3,-1.2,-1.5,0.2
213,Otto Porter,SF,21,WAS,70,1316,11.9,.520,.257,.218,5.7,11.7,8.8,7.0,1.7,1.7,10.2,15.3,,1.0,1.7,2.7,.098,,-1.2,1.0,-0.3,0.6
214,Ray McCallum,PG,23,SAC,64,1308,11.9,.484,.248,.167,4.3,9.6,7.0,21.3,1.5,0.7,14.5,17.9,,0.5,0.5,1.0,.037,,-0.7,-1.4,-2.1,0.0
215,Kosta Koufos,C,25,MEM,77,1280,14.1,.531,.000,.234,10.1,25.4,17.8,4.4,1.2,4.0,15.5,15.8,,0.7,2.4,3.1,.116,,-3.4,2.1,-1.3,0.2
216,Jose Barea,PG,30,DAL,73,1279,15.1,.501,.315,.181,1.9,9.3,5.5,29.5,1.2,0.1,10.8,21.3,,1.9,0.6,2.5,.096,,1.0,-2.4,-1.4,0.2
217,Jerami Grant,SF,20,PHI,62,1274,9.0,.480,.431,.553,3.7,11.9,7.6,8.8,1.5,4.2,16.2,16.3,,-0.7,1.3,0.7,.026,,-4.3,1.1,-3.2,-0.4
218,Jose Calderon,PG,33,NYK,42,1270,11.3,.519,.401,.090,1.7,9.8,5.6,25.6,1.3,0.0,16.9,16.1,,0.8,0.1,0.8,.031,,-0.5,-2.6,-3.2,-0.4
219,Kris Humphries,PF,29,WAS,60,1268,15.5,.513,.014,.253,10.1,24.6,17.5,6.7,1.3,1.5,8.4,18.4,,1.5,2.1,3.6,.136,,-1.9,0.7,-1.2,0.2
220,Al-Farouq Aminu,SF,24,DAL,70,1249,14.3,.500,.364,.333,8.6,18.2,13.4,5.8,2.8,3.8,11.6,15.2,,1.0,2.0,3.0,.114,,-0.6,3.0,2.4,1.4
221,Kent Bazemore,SG,25,ATL,71,1249,9.7,.532,.395,.297,1.7,16.7,9.5,8.4,2.0,2.1,17.0,15.3,,-0.3,1.8,1.5,.057,,-3.0,1.4,-1.7,0.1
222,Jrue Holiday,PG,24,NOP,37,1247,18.6,.519,.251,.145,2.7,9.0,5.9,35.1,2.5,1.4,14.1,23.1,,2.1,1.0,3.1,.119,,2.8,-0.6,2.3,1.3
223,Matthew Dellavedova,SG,24,CLE,63,1244,8.2,.493,.561,.133,3.3,7.4,5.3,19.4,0.9,0.1,15.1,12.3,,1.3,0.5,1.7,.067,,-0.6,-1.9,-2.5,-0.2
224,Spencer Hawes,PF,26,LAC,70,1244,9.6,.472,.426,.158,2.8,20.1,11.6,10.0,0.9,3.4,12.1,17.9,,-0.5,1.5,1.0,.038,,-3.0,1.0,-2.0,0.0
225,Brian Roberts,PG,29,CHO,68,1240,11.1,.497,.413,.154,1.0,7.9,4.4,19.8,1.0,0.4,11.0,18.0,,0.5,1.1,1.6,.061,,-1.2,-1.8,-3.0,-0.3
226,Ersan Ilyasova,PF,27,MIL,54,1218,16.5,.542,.335,.193,7.2,17.4,12.4,7.3,1.4,1.3,6.7,22.2,,1.9,1.6,3.5,.137,,0.9,-1.4,-0.6,0.4
227,Andre Roberson,SG,23,OKC,63,1214,9.5,.526,.402,.254,5.2,16.2,10.8,7.5,2.1,1.8,17.6,9.1,,0.6,1.5,2.1,.083,,-1.7,2.2,0.4,0.7
228,Kevin Martin,SG,31,MIN,36,1212,16.9,.547,.310,.299,1.7,11.3,6.4,13.0,1.3,0.1,9.6,26.9,,1.9,-0.1,1.8,.072,,2.0,-3.8,-1.8,0.1
229,Kobe Bryant,SG,36,LAL,35,1207,17.7,.477,.258,.338,2.3,16.4,9.1,30.0,2.0,0.5,13.5,35.0,,-0.4,0.6,0.2,.007,,1.6,-1.3,0.4,0.7
230,Gary Neal,SG,30,TOT,54,1193,11.1,.483,.326,.268,1.3,11.0,6.0,14.4,1.0,0.1,10.4,23.8,,-0.2,0.8,0.6,.026,,-1.7,-2.5,-4.2,-0.7
231,Quincy Acy,PF,24,NYK,64,1190,12.2,.535,.176,.291,7.2,20.5,13.6,8.5,1.2,1.5,13.5,15.5,,1.0,0.7,1.6,.066,,-2.2,-0.7,-2.9,-0.3
232,Chase Budinger,SF,26,MIN,64,1188,12.2,.535,.374,.191,2.9,15.4,8.9,8.0,1.8,0.7,10.7,16.3,,0.9,0.3,1.2,.048,,-1.0,-1.7,-2.7,-0.2
233,Amar'e Stoudemire,PF,32,TOT,56,1183,20.2,.595,.009,.379,10.1,20.7,15.2,6.8,1.2,2.6,12.7,23.7,,2.3,1.0,3.3,.134,,-0.3,-1.2,-1.5,0.1
234,Andre Miller,PG,38,TOT,77,1180,13.0,.539,.120,.244,3.5,10.5,7.1,34.3,1.4,0.3,24.7,15.3,,1.1,0.8,1.9,.078,,-1.4,-1.7,-3.1,-0.3
235,Brandon Jennings,PG,25,DET,41,1173,19.7,.522,.389,.263,1.9,8.0,4.8,40.2,1.9,0.3,12.9,26.3,,2.6,0.7,3.3,.134,,4.3,-2.5,1.9,1.1
236,Marreese Speights,PF,27,GSW,73,1168,19.8,.551,.026,.272,10.1,18.6,14.5,10.0,0.7,2.2,10.0,28.9,,2.3,1.7,4.0,.165,,-1.0,-1.2,-2.3,-0.1
237,Kevin Seraphin,C,25,WAS,75,1166,12.8,.539,.005,.180,8.3,17.9,13.2,7.9,0.4,3.7,16.2,21.5,,0.2,1.6,1.8,.073,,-3.4,0.6,-2.8,-0.2
238,Jonas Jerebko,PF,27,TOT,71,1157,14.5,.548,.375,.183,7.8,17.0,12.2,8.6,1.7,1.2,9.6,15.9,,1.9,1.2,3.1,.129,,0.2,0.2,0.4,0.7
239,John Henson,C,24,MIL,63,1156,18.2,.579,.000,.392,11.9,17.5,14.7,7.8,1.2,8.9,17.4,18.4,,1.3,2.1,3.4,.141,,-1.7,4.3,2.5,1.3
240,Miles Plumlee,C,26,TOT,69,1153,13.2,.532,.000,.173,10.6,19.4,15.0,4.3,1.6,4.3,16.3,11.9,,0.8,1.6,2.4,.099,,-2.8,2.5,-0.2,0.5
241,Richard Jefferson,SF,34,DAL,70,1150,10.9,.566,.468,.336,2.2,14.4,8.3,6.9,1.4,0.8,12.2,15.0,,1.0,0.9,2.0,.082,,-0.5,-0.2,-0.8,0.3
242,Dwight Howard,C,29,HOU,38,1147,18.8,.590,.005,.616,9.9,28.5,19.1,7.5,1.1,3.1,17.4,23.3,,1.2,2.0,3.2,.133,,-2.5,1.0,-1.4,0.2
243,Bismack Biyombo,C,22,CHO,60,1121,15.8,.584,.000,.925,14.6,22.3,18.4,1.8,0.7,6.5,16.4,11.9,,1.8,2.1,3.9,.166,,-2.9,2.7,-0.2,0.5
244,Pablo Prigioni,PG,37,TOT,63,1116,12.1,.545,.736,.162,2.9,8.3,5.5,21.7,3.4,0.1,20.6,11.9,,1.0,0.9,1.9,.081,,-0.2,-0.6,-0.8,0.3
245,Chris Andersen,C,36,MIA,58,1110,15.7,.617,.061,.556,8.3,22.8,15.7,6.2,1.2,4.5,14.0,12.2,,1.9,1.4,3.4,.146,,-1.3,2.3,0.9,0.8
246,Carl Landry,PF,31,SAC,66,1108,14.7,.571,.000,.378,10.2,15.1,12.7,3.9,0.6,1.1,10.8,18.0,,2.1,0.4,2.5,.109,,-0.9,-2.6,-3.5,-0.4
247,George Hill,PG,28,IND,39,1105,21.6,.576,.360,.268,2.3,13.6,8.0,31.0,1.9,0.9,10.2,24.3,,3.2,1.5,4.7,.203,,5.4,0.2,5.6,2.1
248,Ryan Kelly,PF,23,LAL,48,1092,8.1,.469,.428,.301,1.3,12.8,6.8,9.7,1.2,1.5,10.0,13.8,,0.1,0.3,0.5,.020,,-2.4,-0.8,-3.1,-0.3
249,Tarik Black,C,23,TOT,59,1089,14.4,.570,.004,.424,12.9,20.3,16.5,5.7,0.8,1.7,12.4,13.7,,1.9,0.8,2.7,.120,,-1.2,-0.5,-1.7,0.1
250,Ramon Sessions,PG,28,TOT,60,1086,10.9,.493,.176,.521,2.0,11.0,6.6,22.1,1.4,0.0,17.8,18.9,,0.2,0.6,0.9,.038,,-2.4,-1.7,-4.1,-0.6
251,Robert Sacre,C,25,LAL,64,1082,10.9,.448,.000,.271,8.3,14.2,11.1,7.5,1.3,3.1,9.5,14.7,,0.3,0.6,0.8,.037,,-3.2,0.4,-2.8,-0.2
252,Ian Mahinmi,C,28,IND,57,1074,11.1,.520,.000,.505,10.3,25.3,17.9,4.6,1.4,3.2,19.5,12.5,,0.1,2.0,2.0,.091,,-3.8,2.8,-1.0,0.3
253,Kendrick Perkins,C,30,TOT,64,1073,7.1,.464,.005,.373,9.1,21.5,15.4,5.9,0.7,2.9,26.1,13.5,,-1.1,1.3,0.2,.009,,-5.5,1.3,-4.2,-0.6
254,Hassan Whiteside,C,25,MIA,46,1070,26.0,.617,.000,.370,15.7,34.8,25.4,1.1,1.3,8.9,11.1,21.0,,2.7,2.3,4.9,.221,,-1.6,0.7,-0.8,0.3
255,Donald Sloan,PG,27,IND,49,1069,13.7,.507,.369,.219,1.3,13.2,7.3,27.9,1.1,0.0,13.7,18.9,,1.0,1.1,2.1,.093,,0.0,-1.0,-1.0,0.3
256,Shawne Williams,SF,28,TOT,60,1068,10.4,.535,.596,.137,3.9,14.1,9.1,6.6,1.2,1.7,8.8,14.8,,1.0,0.8,1.8,.081,,-0.2,-0.7,-1.0,0.3
257,Aron Baynes,C,28,SAS,67,1062,15.8,.611,.013,.319,11.4,21.0,16.3,4.7,0.7,1.5,15.2,18.0,,2.1,1.5,3.6,.161,,-1.1,-0.3,-1.4,0.2
258,JaKarr Sampson,SF,21,PHI,71,1048,8.4,.487,.365,.255,2.9,12.7,7.5,11.0,1.6,1.9,16.3,17.2,,-0.7,1.0,0.3,.015,,-4.6,-0.5,-5.0,-0.8
259,Mike Scott,PF,26,ATL,65,1048,15.0,.545,.422,.170,4.9,15.0,10.1,10.8,1.0,0.2,7.5,21.5,,1.5,1.0,2.5,.114,,0.6,-2.3,-1.6,0.1
260,Damjan Rudez,SF,28,IND,67,1047,8.2,.591,.646,.087,0.9,4.1,2.5,7.9,0.8,0.4,14.7,13.8,,0.6,0.7,1.3,.062,,-0.7,-1.8,-2.5,-0.1
261,Lavoy Allen,PF,25,IND,59,1045,15.0,.497,.000,.161,12.8,20.8,16.8,10.6,0.7,3.1,11.1,15.2,,1.3,1.5,2.8,.130,,-1.4,2.2,0.8,0.7
262,Jusuf Nurkic,C,20,DEN,58,1040,15.0,.486,.003,.341,11.2,26.1,18.4,7.0,2.4,5.0,15.7,20.2,,-0.1,1.8,1.7,.077,,-3.7,3.3,-0.4,0.4
263,Nik Stauskas,SG,21,SAC,69,1036,7.3,.490,.500,.226,1.2,7.2,4.3,8.5,0.9,1.2,11.1,14.2,,0.2,0.2,0.4,.019,,-1.9,-2.1,-4.0,-0.5
264,Tiago Splitter,C,30,SAS,52,1030,18.9,.601,.000,.396,10.2,17.4,13.8,11.9,1.7,2.7,14.4,18.4,,2.4,1.7,4.1,.189,,0.8,2.4,3.2,1.4
265,Shawn Marion,SF,36,CLE,54,1021,11.0,.498,.178,.140,6.4,13.8,10.2,7.1,1.3,2.0,10.8,12.7,,0.8,0.9,1.7,.078,,-1.9,0.7,-1.1,0.2
266,Vince Carter,SG,38,MEM,62,1018,10.2,.456,.576,.128,2.9,11.0,7.0,10.6,2.0,1.1,8.6,19.9,,-0.2,1.3,1.1,.052,,-0.8,-0.4,-1.2,0.2
267,Shabazz Napier,PG,23,MIA,51,1012,9.3,.517,.518,.246,2.1,11.2,6.7,20.0,2.1,0.3,24.3,15.5,,-0.3,0.8,0.5,.023,,-2.0,-0.6,-2.6,-0.2
268,Nick Collison,PF,34,OKC,62,1006,11.4,.490,.250,.259,9.1,15.2,12.2,11.8,1.6,1.8,14.0,12.9,,1.0,1.1,2.1,.100,,-1.0,1.2,0.2,0.6
269,Nick Young,SG,29,LAL,42,1000,14.3,.520,.473,.311,1.8,9.0,5.3,6.9,1.2,0.9,7.5,26.1,,1.1,0.1,1.2,.059,,0.9,-4.3,-3.4,-0.4
270,Pero Antic,PF,32,ATL,60,990,9.5,.507,.580,.420,6.7,13.3,10.1,6.9,0.9,1.1,12.1,17.6,,0.5,0.9,1.5,.070,,-1.2,-1.4,-2.6,-0.2
271,Darrell Arthur,PF,26,DEN,58,988,11.6,.466,.286,.154,5.6,13.3,9.3,9.4,2.4,2.1,10.3,20.1,,-0.1,1.0,0.9,.043,,-1.8,0.7,-1.1,0.2
272,Ronnie Price,PG,31,LAL,43,982,10.2,.455,.489,.202,2.1,5.8,3.9,24.5,3.5,0.3,17.6,13.4,,0.2,0.6,0.8,.037,,-1.0,-1.0,-2.0,0.0
273,Thabo Sefolosha,SF,30,ATL,52,976,13.8,.506,.313,.233,6.4,19.3,13.1,11.2,2.8,1.8,12.2,14.7,,0.8,1.7,2.5,.121,,-1.2,2.5,1.4,0.8
274,Randy Foye,SG,31,DEN,47,972,10.9,.519,.651,.128,0.6,7.6,4.0,16.8,1.3,0.9,12.3,18.9,,0.6,0.4,1.0,.049,,0.5,-2.0,-1.5,0.1
275,James Ennis,SF,24,MIA,59,954,12.2,.556,.394,.416,6.2,14.3,10.3,6.8,1.3,1.4,11.8,14.6,,1.3,0.7,2.0,.100,,-0.7,-0.6,-1.3,0.2
276,Udonis Haslem,PF,34,MIA,59,954,10.9,.484,.039,.275,8.9,22.2,15.7,7.8,1.2,1.2,13.0,14.8,,0.4,0.9,1.3,.066,,-3.3,0.1,-3.2,-0.3
277,Kevin Garnett,PF,38,TOT,47,952,15.2,.496,.023,.147,5.7,31.1,18.4,13.1,2.5,1.4,12.4,17.8,,0.4,1.5,1.9,.095,,-2.6,2.3,-0.2,0.4
278,Tyler Hansbrough,PF,29,TOR,70,946,13.4,.602,.047,.892,11.7,17.5,14.6,2.6,1.4,1.3,8.4,10.8,,2.4,0.7,3.1,.158,,0.0,-0.7,-0.6,0.3
279,Rodney Hood,SG,22,UTA,46,946,12.1,.533,.475,.213,1.0,12.3,6.7,12.0,1.5,0.9,10.1,19.2,,1.1,0.8,1.9,.096,,0.1,-1.3,-1.2,0.2
280,Leandro Barbosa,SG,32,GSW,64,944,15.4,.560,.291,.196,2.7,7.1,5.0,14.7,2.1,0.6,9.3,20.3,,1.7,1.2,2.8,.143,,0.5,-1.0,-0.5,0.4
281,Isaiah Canaan,PG,23,TOT,47,938,12.4,.534,.651,.159,2.1,8.3,5.1,18.8,1.5,0.3,13.3,21.7,,0.8,0.7,1.4,.072,,0.7,-2.9,-2.2,-0.1
282,Matt Bonner,PF,34,SAS,71,929,10.2,.538,.546,.162,3.6,10.3,7.0,7.2,0.6,1.0,4.3,12.5,,1.3,0.9,2.2,.112,,-0.1,-0.6,-0.7,0.3
283,Alexis Ajinca,C,26,NOP,64,923,20.2,.600,.000,.303,12.5,24.8,18.7,8.2,1.1,4.0,15.5,21.0,,2.0,1.2,3.2,.164,,-0.2,0.5,0.3,0.5
284,Kevin Durant,SF,26,OKC,27,913,27.6,.633,.340,.366,1.9,18.6,10.5,22.5,1.3,2.2,12.0,29.1,,3.7,1.1,4.8,.252,,6.4,-0.1,6.3,1.9
285,C.J. McCollum,SG,23,POR,60,913,12.8,.533,.388,.197,1.6,7.8,4.8,9.8,2.2,0.5,10.4,20.3,,0.6,1.1,1.7,.090,,-0.4,-0.5,-0.9,0.3
286,Will Barton,SG,24,TOT,54,909,13.0,.499,.239,.258,2.8,14.6,8.6,12.7,2.4,1.5,13.7,20.0,,0.0,1.0,1.1,.056,,-2.0,1.1,-0.9,0.3
287,Cole Aldrich,C,26,NYK,57,900,17.1,.497,.000,.211,11.2,28.2,19.4,12.8,2.1,5.6,15.4,17.6,,0.5,1.3,1.8,.094,,-2.7,3.3,0.5,0.6
288,Alec Burks,SG,23,UTA,27,899,13.1,.524,.227,.430,2.5,12.1,7.3,15.2,1.0,0.4,12.7,20.9,,1.1,0.6,1.7,.090,,-0.5,-1.2,-1.6,0.1
289,Tony Wroten,SG,21,PHI,30,895,14.9,.494,.327,.415,2.5,8.2,5.2,35.0,2.7,0.7,18.0,30.6,,-0.6,0.9,0.3,.014,,0.3,-1.7,-1.5,0.1
290,Mirza Teletovic,PF,29,BRK,40,892,10.6,.500,.605,.144,3.4,20.9,12.2,8.0,0.8,1.4,13.5,20.1,,-0.3,0.7,0.4,.024,,-1.4,-1.2,-2.7,-0.1
291,David Lee,PF,31,GSW,48,890,18.3,.541,.006,.328,9.9,20.6,15.4,14.0,1.7,2.2,11.2,19.6,,1.7,1.6,3.3,.177,,-0.4,2.1,1.7,0.8
292,Anthony Bennett,PF,21,MIN,56,872,11.3,.460,.070,.224,6.2,21.5,13.6,8.5,1.5,1.4,9.5,17.5,,0.0,0.4,0.4,.022,,-3.5,-1.1,-4.7,-0.6
293,Willie Green,SG,33,ORL,48,869,8.0,.480,.372,.123,1.8,7.6,4.6,11.6,1.2,0.5,13.1,17.6,,-0.3,0.3,0.0,-0.002,,-2.7,-2.3,-5.0,-0.7
294,Glen Davis,PF,29,LAC,71,867,11.2,.500,.012,.352,5.4,15.3,10.5,6.1,2.4,2.0,10.9,16.7,,0.3,1.1,1.4,.077,,-3.3,1.1,-2.2,-0.1
295,Shabazz Muhammad,SG,22,MIN,38,866,19.9,.556,.128,.365,8.1,12.4,10.2,9.6,1.1,0.6,7.1,25.2,,2.1,0.0,2.0,.112,,2.0,-3.7,-1.7,0.1
296,Elijah Millsap,SG,27,UTA,43,858,7.3,.442,.382,.332,3.7,14.4,9.1,8.6,3.3,1.5,20.2,16.9,,-1.1,1.3,0.1,.008,,-3.8,1.9,-1.9,0.0
297,Louis Amundson,PF,32,TOT,49,853,11.8,.438,.004,.299,11.7,21.4,16.4,12.3,1.2,4.5,16.3,16.9,,-0.3,0.8,0.4,.023,,-3.7,1.8,-1.9,0.0
298,Chris Copeland,SF,30,IND,50,828,7.4,.468,.539,.145,3.1,11.7,7.4,9.9,0.7,1.0,15.2,21.2,,-0.9,0.8,-0.1,-0.007,,-2.8,-1.5,-4.3,-0.5
299,Luke Babbitt,SF,25,NOP,62,827,11.1,.639,.599,.099,1.7,13.5,7.6,4.3,1.1,0.9,11.5,12.5,,1.1,0.4,1.6,.092,,0.1,-1.5,-1.4,0.1
300,Nikola Pekovic,C,29,MIN,31,815,16.7,.502,.000,.393,12.1,21.1,16.4,5.7,1.2,1.2,9.8,23.1,,1.0,0.3,1.2,.072,,-1.7,-2.7,-4.4,-0.5
301,Joey Dorsey,PF,31,HOU,65,813,11.2,.506,.007,.556,13.7,22.7,18.2,4.4,2.3,2.4,18.1,11.5,,0.4,1.4,1.8,.108,,-3.4,2.1,-1.3,0.1
302,Jon Leuer,PF,25,MEM,61,811,11.9,.477,.107,.217,6.9,21.5,14.3,8.8,1.1,0.9,10.2,18.8,,0.1,1.2,1.3,.077,,-3.1,0.0,-3.1,-0.2
303,Jason Maxiell,PF,31,CHO,57,808,9.8,.438,.000,.383,10.4,14.2,12.2,3.4,1.0,4.2,10.5,12.9,,0.0,1.2,1.2,.072,,-4.6,1.9,-2.6,-0.1
304,Kyle O'Quinn,PF,24,ORL,50,805,14.8,.548,.178,.233,5.9,21.4,13.5,11.3,2.0,3.9,16.9,17.7,,0.5,1.0,1.5,.089,,-2.1,2.1,-0.1,0.4
305,Ish Smith,PG,26,TOT,54,798,12.6,.434,.164,.158,2.0,11.9,6.8,40.8,2.1,0.6,15.9,25.0,,-0.8,0.7,0.0,-0.001,,-2.1,-1.5,-3.6,-0.3
306,Ben Gordon,SG,31,ORL,56,790,10.6,.538,.329,.227,0.8,8.3,4.5,10.3,0.9,0.1,14.5,21.8,,0.1,0.2,0.2,.014,,-2.4,-3.7,-6.1,-0.8
307,Dewayne Dedmon,C,25,ORL,55,789,13.5,.574,.007,.409,15.4,23.7,19.5,1.5,0.9,5.1,20.4,12.7,,0.8,0.9,1.7,.104,,-3.4,0.3,-3.1,-0.2
308,Drew Gooden,PF,33,WAS,48,789,12.6,.489,.224,.150,9.4,19.0,14.3,8.7,1.3,0.8,9.1,17.2,,0.7,1.1,1.7,.106,,-1.3,0.2,-1.0,0.2
309,Andrea Bargnani,C,29,NYK,29,785,16.7,.527,.114,.296,4.6,14.4,9.3,11.3,0.1,2.9,9.3,26.4,,0.8,0.1,0.9,.057,,-1.0,-2.7,-3.7,-0.3
310,Terrence Jones,PF,23,HOU,29,783,18.1,.557,.123,.321,9.7,18.1,13.9,6.1,1.1,5.1,9.5,18.7,,1.4,1.1,2.5,.154,,-1.1,1.7,0.7,0.5
311,Kostas Papanikolaou,SF,24,HOU,42,783,8.1,.448,.533,.092,5.5,11.0,8.2,15.8,1.8,1.3,20.7,14.2,,-0.3,0.8,0.6,.034,,-2.9,0.7,-2.2,0.0
312,Patrick Mills,PG,26,SAS,48,774,12.2,.476,.542,.108,3.1,7.5,5.3,16.3,1.8,0.2,8.1,21.6,,0.4,0.8,1.2,.075,,0.5,-1.7,-1.2,0.2
313,Alexey Shved,SG,26,TOT,42,767,19.5,.541,.415,.448,3.3,11.7,7.3,25.7,2.0,0.6,10.7,26.3,,1.7,0.5,2.1,.134,,3.1,-2.6,0.5,0.5
314,Meyers Leonard,C,22,POR,52,763,14.7,.639,.457,.133,6.2,26.2,16.4,6.2,0.6,1.0,13.9,15.2,,1.4,1.1,2.6,.161,,0.1,0.2,0.3,0.4
315,Reggie Evans,PF,34,SAC,46,758,11.8,.498,.015,.724,14.9,29.3,22.3,6.2,1.4,0.5,20.3,12.9,,0.4,0.8,1.2,.076,,-2.5,0.0,-2.5,-0.1
316,Shelvin Mack,PG,24,ATL,51,755,12.8,.491,.452,.104,1.1,8.9,5.2,28.6,1.7,0.2,14.5,19.2,,0.4,0.7,1.1,.070,,-1.0,-2.3,-3.3,-0.3
317,Nick Calathes,SG,25,MEM,54,748,12.9,.468,.187,.178,2.0,12.1,7.1,27.0,4.0,0.6,18.5,18.3,,-0.2,1.4,1.1,.072,,-1.9,1.8,-0.1,0.4
318,Jabari Parker,SF,19,MIL,25,738,14.6,.527,.061,.251,7.8,13.5,10.7,9.6,2.1,0.6,13.9,20.7,,0.4,0.9,1.3,.085,,-1.4,0.2,-1.2,0.1
319,Garrett Temple,SG,28,WAS,52,735,10.9,.534,.518,.282,3.8,9.9,6.9,10.9,2.9,1.0,15.1,13.9,,0.4,1.1,1.5,.101,,-0.6,1.5,0.9,0.5
320,Thomas Robinson,PF,23,TOT,51,729,15.4,.501,.008,.408,12.9,28.2,20.5,6.6,2.0,2.1,15.1,20.0,,0.1,1.3,1.4,.094,,-3.8,1.0,-2.8,-0.1
321,Marcus Thornton,SG,27,TOT,48,721,15.0,.514,.414,.162,3.4,9.7,6.5,8.3,1.9,0.7,6.8,24.1,,0.6,0.6,1.2,.081,,0.1,-2.6,-2.5,-0.1
322,Markel Brown,SG,23,BRK,43,703,9.6,.472,.322,.295,2.6,13.8,8.2,7.8,2.1,1.3,11.2,15.1,,0.0,0.6,0.6,.038,,-2.7,0.4,-2.4,-0.1
323,Ricky Rubio,PG,24,MIN,22,692,15.2,.452,.233,.324,3.0,18.1,10.3,43.4,2.8,0.1,20.4,20.0,,0.1,0.4,0.5,.035,,0.1,-0.5,-0.4,0.3
324,Aaron Gordon,PF,19,ORL,43,683,12.3,.560,.241,.329,6.0,18.4,12.1,6.2,1.3,2.3,15.2,15.3,,0.5,0.6,1.1,.077,,-2.3,0.0,-2.3,0.0
325,Luke Ridnour,PG,33,ORL,47,683,10.0,.507,.358,.119,1.3,10.1,5.6,21.0,1.5,0.5,17.0,14.8,,0.3,0.3,0.6,.041,,-2.2,-1.8,-4.0,-0.3
326,Travis Wear,SF,24,NYK,51,672,8.6,.451,.144,.124,5.2,13.3,9.1,9.9,1.2,1.4,13.7,17.5,,-0.5,0.2,-0.3,-0.022,,-4.5,-1.6,-6.1,-0.7
327,Hedo Turkoglu,SF,35,LAC,59,667,10.8,.615,.730,.022,0.9,14.4,7.8,7.7,1.3,0.9,13.1,14.0,,0.6,0.6,1.2,.086,,0.2,-0.8,-0.6,0.2
328,Robbie Hummel,SF,25,MIN,42,659,9.9,.544,.302,.195,4.7,15.8,10.1,5.8,1.2,1.1,10.0,12.0,,0.6,0.1,0.7,.054,,-1.7,-1.4,-3.1,-0.2
329,P.J. Hairston,SG,22,CHO,43,655,9.2,.447,.607,.132,3.4,11.9,7.6,4.8,1.7,1.6,6.9,20.3,,-0.4,0.8,0.4,.030,,-2.1,-1.1,-3.2,-0.2
330,Maurice Harkless,SF,21,ORL,42,637,8.8,.446,.349,.243,6.6,11.6,9.1,5.7,2.6,1.2,12.5,13.7,,-0.2,0.5,0.3,.026,,-2.7,0.4,-2.3,-0.1
331,Adreian Payne,PF,23,TOT,28,637,8.3,.446,.041,.184,7.7,19.1,13.2,6.0,1.3,1.0,14.5,17.2,,-0.5,0.2,-0.3,-0.023,,-4.5,-1.5,-6.0,-0.6
332,Anderson Varejao,C,32,CLE,26,636,17.7,.580,.010,.225,10.4,20.1,15.3,9.1,1.6,2.0,13.7,18.1,,1.2,0.7,1.9,.146,,0.0,1.0,0.9,0.5
333,Perry Jones,SF,23,OKC,42,630,6.9,.462,.328,.202,1.0,11.7,6.5,4.2,1.4,1.0,10.7,15.3,,-0.3,0.5,0.2,.016,,-4.2,-1.1,-5.3,-0.5
334,Gary Harris,SG,20,DEN,51,629,4.5,.374,.467,.201,3.0,7.1,5.0,5.8,3.0,0.9,13.2,17.2,,-1.3,0.5,-0.8,-0.058,,-4.7,0.1,-4.6,-0.4
335,Mike Miller,SF,34,CLE,48,624,4.4,.456,.861,.020,0.7,14.3,7.6,8.8,1.1,0.4,16.4,8.8,,-0.1,0.4,0.3,.024,,-2.8,-0.2,-3.0,-0.2
336,Jeremy Lamb,SG,22,OKC,45,623,14.9,.538,.447,.224,1.2,16.3,9.0,10.9,1.7,0.8,9.1,20.6,,0.9,0.7,1.6,.122,,-0.1,-1.5,-1.6,0.1
337,Justin Hamilton,C,24,TOT,37,619,14.7,.554,.177,.222,9.6,12.4,11.0,8.4,2.0,2.3,10.3,14.1,,1.0,0.4,1.4,.108,,0.3,0.4,0.7,0.4
338,Justin Holiday,SG,25,GSW,56,619,11.6,.490,.477,.150,2.0,9.8,6.0,9.4,3.0,1.4,10.0,18.3,,0.1,1.0,1.1,.083,,-1.7,0.6,-1.1,0.1
339,Alonzo Gee,SF,27,TOT,52,613,13.5,.560,.181,.440,6.0,8.5,7.2,6.0,2.9,0.9,13.5,16.3,,0.7,0.6,1.2,.096,,-1.0,0.5,-0.5,0.2
340,Danny Granger,SF,31,MIA,30,613,8.6,.527,.519,.228,4.0,11.6,7.9,4.5,1.1,0.8,11.9,15.5,,0.2,0.3,0.6,.045,,-1.5,-1.7,-3.2,-0.2
341,James Jones,SF,34,CLE,53,604,10.3,.556,.900,.178,1.3,9.3,5.4,5.6,0.9,0.9,6.3,15.5,,0.9,0.3,1.2,.098,,1.0,-2.8,-1.7,0.0
342,Charlie Villanueva,PF,30,DAL,60,604,17.4,.538,.616,.103,4.9,19.6,12.2,4.2,1.0,2.4,7.2,26.7,,0.6,0.6,1.2,.095,,1.1,-3.4,-2.3,0.0
343,Cleanthony Early,SF,23,NYK,36,598,8.9,.452,.377,.231,3.7,13.3,8.4,8.8,2.1,1.7,13.8,19.6,,-0.6,0.3,-0.3,-0.022,,-3.6,-1.2,-4.9,-0.4
344,Dorell Wright,SF,29,POR,48,592,13.4,.525,.568,.221,2.6,17.2,10.1,10.2,1.7,1.3,7.9,17.1,,0.7,0.9,1.6,.130,,0.1,0.7,0.8,0.4
345,Nate Robinson,PG,30,TOT,42,591,10.6,.432,.439,.180,3.1,6.2,4.6,25.9,1.7,0.4,9.8,22.6,,0.0,0.3,0.3,.022,,-0.4,-2.8,-3.2,-0.2
346,Allen Crabbe,SG,22,POR,48,586,9.3,.559,.610,.122,1.1,9.1,5.2,8.4,1.3,1.8,8.5,10.8,,0.7,0.6,1.3,.107,,-0.7,1.0,0.3,0.3
347,Larry Sanders,C,26,MIL,27,586,15.3,.507,.000,.279,13.2,19.2,16.2,6.3,2.3,5.6,12.7,17.0,,0.4,1.1,1.6,.129,,-2.0,3.4,1.4,0.5
348,Henry Walker,SF,27,MIA,23,580,7.2,.470,.772,.082,1.1,14.9,8.1,7.3,2.1,1.3,11.8,15.1,,-0.3,0.6,0.3,.024,,-1.6,0.1,-1.5,0.1
349,Phil Pressey,PG,23,BOS,47,563,11.6,.455,.389,.284,2.1,12.4,7.2,27.6,2.6,0.8,18.0,17.3,,0.0,0.7,0.6,.055,,-2.3,-0.1,-2.4,-0.1
350,Joel Freeland,C,27,POR,45,557,11.1,.499,.000,.162,11.4,22.3,16.9,4.2,0.6,2.6,14.2,13.1,,0.4,0.8,1.2,.107,,-3.4,1.3,-2.1,0.0
351,Sergey Karasev,SG,21,BRK,33,555,10.5,.508,.403,.284,4.5,8.9,6.7,12.3,2.1,0.1,13.7,14.4,,0.3,0.3,0.7,.059,,-0.7,-0.5,-1.2,0.1
352,Samuel Dalembert,C,33,NYK,32,544,11.8,.461,.000,.154,10.9,25.2,17.8,8.6,1.4,6.3,21.9,15.1,,-0.4,0.6,0.2,.022,,-5.3,3.0,-2.3,0.0
353,Jordan Farmar,PG,28,LAC,36,529,9.9,.513,.614,.070,1.7,7.1,4.5,18.0,1.9,0.8,16.4,16.6,,0.2,0.4,0.6,.052,,-0.6,-1.3,-2.0,0.0
354,Tyler Johnson,SG,22,MIA,29,529,13.0,.525,.286,.306,2.8,12.5,7.8,11.8,2.9,1.4,13.5,17.2,,0.2,0.6,0.8,.075,,-1.4,0.7,-0.7,0.2
355,T.J. Warren,SF,21,PHO,37,515,15.0,.571,.102,.102,7.2,9.0,8.1,5.5,1.4,1.2,11.7,18.8,,0.7,0.3,1.0,.092,,-1.0,-1.5,-2.5,-0.1
356,Jimmer Fredette,PG,25,NOP,49,508,9.9,.479,.289,.271,1.8,7.1,4.5,17.3,1.6,0.3,15.1,19.7,,0.0,0.2,0.2,.021,,-2.5,-2.8,-5.4,-0.4
357,Cory Jefferson,PF,24,BRK,46,499,12.9,.475,.089,.318,9.5,20.6,15.1,5.1,0.9,3.2,9.6,18.1,,0.2,0.5,0.6,.063,,-3.5,-0.5,-4.0,-0.2
358,E'Twaun Moore,SG,25,CHI,53,494,10.2,.497,.281,.148,2.7,7.1,5.0,10.2,2.1,0.9,8.3,14.3,,0.3,0.5,0.8,.077,,-1.9,-0.7,-2.5,-0.1
359,Furkan Aldemir,PF,23,PHI,39,493,12.7,.518,.068,.365,15.1,21.0,17.9,8.2,1.6,2.6,13.1,8.8,,0.7,0.7,1.4,.133,,-2.5,2.0,-0.5,0.2
360,Festus Ezeli,C,25,GSW,43,458,15.6,.572,.000,.480,13.6,20.3,17.0,2.4,0.7,6.0,16.3,17.5,,0.6,0.9,1.5,.154,,-3.3,1.1,-2.2,0.0
361,Mitch McGary,PF,22,OKC,29,457,16.2,.552,.006,.253,12.3,24.1,18.3,4.3,1.6,2.1,14.9,19.0,,0.5,0.7,1.2,.124,,-2.4,-0.5,-2.9,-0.1
362,Spencer Dinwiddie,PG,21,DET,34,455,10.2,.394,.385,.201,0.9,10.9,5.7,35.1,2.2,1.0,15.2,21.1,,-0.3,0.4,0.1,.008,,-2.6,-1.5,-4.1,-0.2
363,Archie Goodwin,SG,20,PHO,38,452,12.1,.491,.193,.433,5.3,9.8,7.5,13.5,1.7,1.4,15.7,23.4,,0.0,0.3,0.3,.033,,-2.9,-1.2,-4.1,-0.2
364,Lorenzo Brown,PG,24,MIN,25,450,10.9,.476,.189,.167,2.5,11.8,7.0,25.9,2.4,0.9,20.6,11.9,,0.1,0.1,0.3,.028,,-2.3,-0.9,-3.1,-0.1
365,Chris Johnson,SF,24,TOT,26,448,8.8,.474,.659,.124,1.5,10.2,5.7,4.6,2.8,1.3,8.1,14.8,,0.0,0.5,0.5,.055,,-2.4,-0.4,-2.9,-0.1
366,Michael Beasley,SF,26,MIA,21,437,9.2,.468,.175,.085,2.8,17.1,10.1,9.5,1.6,2.1,14.4,23.1,,-0.6,0.4,-0.2,-0.022,,-4.8,-0.6,-5.3,-0.4
367,Joe Harris,SG,23,CLE,48,437,6.4,.542,.731,.125,1.6,7.8,4.7,7.6,0.8,0.2,14.8,13.3,,0.2,0.2,0.3,.038,,-1.5,-2.5,-3.9,-0.2
368,Elton Brand,PF,35,ATL,32,431,9.6,.445,.012,.221,7.2,17.5,12.5,5.9,1.9,4.7,13.7,11.6,,-0.1,0.7,0.6,.072,,-4.5,3.4,-1.2,0.1
369,Andrew Nicholson,PF,25,ORL,36,430,9.7,.464,.207,.132,3.1,14.2,8.6,8.0,0.7,2.1,10.2,21.7,,-0.3,0.2,-0.1,-0.012,,-4.5,-2.2,-6.7,-0.5
370,Brandon Davies,PF,23,TOT,27,423,10.5,.463,.248,.270,9.3,12.1,10.7,12.4,2.1,1.3,15.9,18.9,,-0.2,0.4,0.2,.028,,-3.1,0.0,-3.1,-0.1
371,Kendall Marshall,PG,23,MIL,28,417,12.5,.562,.455,.089,0.6,7.1,3.8,31.2,2.6,0.0,25.0,15.1,,0.3,0.4,0.7,.086,,-1.6,-2.5,-4.1,-0.2
372,Mike Muscala,PF,23,ATL,36,406,19.0,.597,.133,.195,13.2,16.3,14.8,7.1,1.6,3.3,10.3,17.5,,1.0,0.6,1.6,.188,,0.7,0.7,1.4,0.3
373,Jabari Brown,SG,22,LAL,15,394,9.6,.544,.374,.439,0.8,6.7,3.6,8.6,1.3,0.4,15.3,17.1,,0.1,0.0,0.1,.013,,-1.8,-2.5,-4.3,-0.2
374,Jason Richardson,SG,34,PHI,18,392,10.8,.440,.533,.121,3.4,14.3,8.6,16.5,1.5,0.6,7.9,21.0,,-0.1,0.3,0.2,.029,,-1.7,-1.8,-3.5,-0.1
375,Joel Anthony,C,32,DET,46,384,15.2,.610,.000,.333,8.1,16.2,12.0,1.9,1.5,9.8,11.6,9.0,,0.6,0.6,1.2,.152,,-3.1,5.0,1.9,0.4
376,Jerome Jordan,C,28,BRK,42,374,16.5,.608,.000,.440,15.4,15.5,15.5,5.4,1.1,3.2,16.8,15.9,,0.8,0.3,1.2,.149,,-0.3,0.1,-0.2,0.2
377,Jeff Ayres,PF,27,SAS,48,370,14.5,.613,.000,.396,11.2,23.1,17.3,5.7,1.1,1.6,18.3,16.1,,0.6,0.6,1.2,.152,,-2.0,0.4,-1.5,0.0
378,Ryan Hollins,C,30,SAC,42,369,12.4,.661,.000,.694,9.5,16.4,13.1,5.9,0.7,3.2,22.1,12.4,,0.5,0.2,0.8,.098,,-1.5,0.1,-1.4,0.1
379,Tyler Ennis,PG,20,TOT,29,364,7.5,.422,.304,.056,1.6,8.1,4.8,26.2,2.2,1.1,21.9,20.2,,-0.6,0.4,-0.2,-0.032,,-4.9,-1.3,-6.3,-0.4
380,Greg Smith,PF,24,DAL,40,355,10.6,.614,.000,.771,8.0,16.5,12.2,3.5,1.0,2.5,14.6,9.5,,0.5,0.3,0.8,.114,,-1.8,1.0,-0.8,0.1
381,Kyle Anderson,SF,21,SAS,31,351,8.3,.393,.125,.159,1.6,20.6,11.3,11.2,2.0,1.5,9.6,13.5,,-0.3,0.6,0.3,.045,,-5.1,2.3,-2.7,-0.1
382,Johnny O'Bryant,PF,21,MIL,31,340,4.4,.399,.000,.211,7.5,10.4,8.9,6.8,0.8,1.0,15.6,18.7,,-0.6,0.3,-0.4,-0.050,,-6.9,-1.6,-8.5,-0.6
383,Reggie Bullock,SF,23,TOT,35,331,6.2,.472,.652,.101,0.3,16.0,8.3,3.2,1.4,1.0,10.0,10.9,,-0.2,0.3,0.1,.019,,-3.6,-0.4,-4.0,-0.2
384,Erick Green,PG,23,DEN,39,330,9.1,.445,.298,.084,0.9,6.4,3.6,14.6,1.5,0.0,7.5,19.3,,-0.1,0.1,0.0,.004,,-2.8,-2.9,-5.7,-0.3
385,Sebastian Telfair,PG,29,OKC,16,327,11.4,.479,.480,.272,0.7,9.0,4.9,21.0,1.5,0.0,11.4,20.8,,0.2,0.2,0.4,.063,,-0.5,-2.9,-3.4,-0.1
386,A.J. Price,PG,28,TOT,26,324,12.0,.451,.416,.175,2.1,8.9,5.6,23.5,1.1,0.0,8.7,22.5,,0.0,0.2,0.3,.041,,-0.7,-3.1,-3.8,-0.1
387,Doug McDermott,SF,23,CHI,35,318,6.2,.480,.383,.140,2.1,12.4,7.4,3.1,0.7,0.2,13.0,18.5,,-0.3,0.2,0.0,-0.006,,-4.7,-3.2,-7.9,-0.5
388,Jeffery Taylor,SF,25,CHO,25,312,8.8,.485,.333,.358,3.8,10.8,7.2,8.1,1.7,0.3,12.2,15.6,,0.0,0.3,0.3,.049,,-3.1,-0.3,-3.3,-0.1
389,Martell Webster,SF,28,WAS,30,309,4.0,.403,.450,.650,3.4,12.1,7.9,6.2,1.0,0.3,15.6,17.9,,-0.5,0.3,-0.2,-0.030,,-5.6,-1.5,-7.0,-0.4
390,James Young,SG,19,BOS,30,308,8.4,.453,.642,.263,3.2,11.5,7.3,5.2,1.3,0.5,4.5,15.8,,0.0,0.2,0.3,.041,,-2.1,-2.0,-4.1,-0.2
391,Austin Daye,SF,26,TOT,31,301,8.4,.458,.496,.031,2.7,22.5,12.8,6.8,1.7,0.7,12.9,22.3,,-0.4,0.5,0.0,.006,,-4.3,-1.3,-5.6,-0.3
392,Josh McRoberts,PF,27,MIA,17,296,10.2,.613,.358,.245,2.9,15.2,9.2,17.6,2.1,0.9,27.3,12.8,,0.1,0.3,0.4,.070,,-1.7,0.7,-1.1,0.1
393,Troy Daniels,SG,23,TOT,43,292,7.4,.485,.760,.050,2.3,7.9,5.0,9.2,0.5,0.0,10.8,20.9,,-0.1,0.0,-0.1,-0.014,,-1.3,-5.2,-6.5,-0.3
394,Darius Morris,PG,24,BRK,35,285,6.8,.386,.327,.089,2.8,7.1,4.9,23.8,1.3,0.0,15.3,19.9,,-0.5,0.1,-0.4,-0.064,,-4.1,-3.2,-7.3,-0.4
395,John Salmons,SF,35,NOP,21,270,5.1,.422,.542,.083,1.7,7.1,4.4,6.7,1.8,1.1,9.1,9.3,,0.0,0.1,0.1,.016,,-2.7,-0.2,-2.9,-0.1
396,Gerald Wallace,SF,32,BOS,31,268,7.1,.431,.088,.441,6.8,16.2,11.4,4.5,2.8,1.1,25.6,8.9,,-0.2,0.4,0.2,.029,,-5.3,2.4,-2.9,-0.1
397,Jeff Withey,C,24,NOP,37,259,17.6,.570,.000,.781,10.1,17.9,14.0,6.4,0.8,5.3,12.2,17.3,,0.5,0.3,0.8,.148,,-1.6,0.6,-1.0,0.1
398,JaVale McGee,C,27,TOT,23,256,14.4,.567,.000,.418,7.3,18.8,12.9,2.0,0.4,6.1,16.1,18.9,,0.1,0.3,0.4,.073,,-5.3,-0.2,-5.5,-0.2
399,Brandon Rush,SG,29,GSW,31,253,0.2,.221,.490,.143,0.9,15.3,8.3,5.7,0.8,3.5,16.1,10.7,,-0.7,0.4,-0.3,-0.066,,-8.4,2.1,-6.3,-0.3
400,Nate Wolters,PG,23,TOT,21,247,4.6,.352,.123,.105,3.7,11.9,7.8,12.2,1.7,0.6,17.9,13.3,,-0.4,0.2,-0.2,-0.038,,-6.1,0.0,-6.1,-0.3
401,Nick Johnson,SG,22,HOU,26,244,5.3,.419,.282,.324,5.9,10.9,8.4,6.8,1.4,1.0,15.6,17.1,,-0.3,0.2,0.0,-0.009,,-5.7,-1.0,-6.7,-0.3
402,John Jenkins,SG,23,ATL,20,235,16.1,.659,.494,.169,0.0,15.1,7.8,6.9,1.5,0.0,8.8,17.7,,0.5,0.3,0.7,.148,,0.9,-2.1,-1.2,0.0
403,Joffrey Lauvergne,C,23,DEN,20,234,9.0,.424,.203,.304,10.7,20.5,15.5,5.9,1.5,3.3,19.0,20.5,,-0.4,0.3,-0.1,-0.029,,-5.7,0.6,-5.1,-0.2
404,Chuck Hayes,C,31,TOR,27,233,9.3,.480,.000,.268,6.4,14.4,10.4,11.6,2.2,1.0,14.9,10.5,,0.2,0.2,0.4,.075,,-2.1,1.1,-1.1,0.1
405,Larry Drew,PG,24,PHI,12,219,4.5,.388,.448,.052,0.5,7.3,3.7,34.0,1.4,0.0,29.6,16.8,,-0.5,0.1,-0.4,-0.087,,-7.3,-4.1,-11.4,-0.5
406,John Lucas,PG,32,DET,17,218,13.6,.481,.272,.062,1.0,3.1,2.0,35.5,1.9,0.0,13.5,19.5,,0.2,0.1,0.3,.069,,-1.2,-4.9,-6.1,-0.2
407,Landry Fields,SF,26,TOR,26,216,10.8,.527,.049,.146,5.4,8.6,7.0,10.1,2.6,0.0,15.5,10.8,,0.2,0.1,0.3,.071,,-1.5,0.1,-1.4,0.0
408,Jeff Adrien,PF,28,MIN,17,215,14.2,.494,.000,.864,11.8,29.7,20.5,10.5,0.9,3.3,12.9,14.3,,0.2,0.2,0.4,.089,,-2.7,0.6,-2.1,0.0
409,Devyn Marble,SG,22,ORL,16,208,5.8,.362,.500,.364,2.7,14.4,8.4,11.5,2.2,0.8,15.0,13.1,,-0.3,0.2,-0.1,-0.033,,-4.7,0.2,-4.5,-0.1
410,Dwight Powell,PF,23,TOT,26,206,14.8,.579,.121,.500,8.5,14.0,11.2,5.6,2.2,1.6,12.4,17.5,,0.4,0.2,0.6,.139,,-0.5,0.1,-0.4,0.1
411,Jeremy Evans,SF,27,UTA,34,204,19.1,.654,.073,.439,10.9,19.7,15.3,7.2,1.6,4.7,9.3,12.2,,0.6,0.3,0.9,.221,,0.6,2.1,2.7,0.2
412,Ricky Ledo,SG,22,TOT,14,202,7.6,.453,.305,.268,6.1,11.2,8.5,14.4,1.3,0.0,19.4,25.9,,-0.4,0.0,-0.4,-0.091,,-4.0,-3.4,-7.4,-0.3
413,Francisco Garcia,SF,33,HOU,14,200,3.6,.347,.714,.063,1.6,7.7,4.7,11.0,2.2,1.9,13.4,16.2,,-0.4,0.2,-0.2,-0.044,,-5.1,-0.2,-5.3,-0.2
414,Steve Novak,SF-PF,31,TOT,34,196,8.7,.554,.857,.036,1.2,11.5,6.4,8.7,0.0,0.8,8.1,14.2,,0.2,0.1,0.3,.076,,-0.1,-3.2,-3.4,-0.1
415,Cartier Martin,SF,30,DET,22,195,1.0,.333,.647,.000,0.0,11.6,5.6,6.7,0.8,0.4,8.9,12.7,,-0.3,0.1,-0.2,-0.060,,-5.8,-1.5,-7.3,-0.3
416,Malcolm Thomas,PF,26,PHI,17,194,8.2,.492,.175,.325,8.5,23.5,15.6,6.0,0.8,0.4,22.1,13.2,,-0.1,0.2,0.1,.024,,-6.4,-1.0,-7.5,-0.3
417,Jordan Adams,SG,20,MEM,26,193,12.3,.507,.311,.262,2.4,7.1,4.7,9.7,3.5,3.0,13.9,18.8,,0.0,0.3,0.3,.074,,-2.1,1.6,-0.5,0.1
418,Tim Frazier,PG,24,TOT,9,182,7.2,.376,.255,.362,2.9,9.4,6.0,38.1,2.2,0.0,25.9,17.7,,-0.4,0.2,-0.2,-0.052,,-6.0,-2.4,-8.4,-0.3
419,Glenn Robinson,SG-SF,21,TOT,32,180,6.5,.405,.250,.417,5.9,11.6,8.7,5.2,1.1,0.5,11.0,15.6,,-0.2,0.0,-0.1,-0.033,,-5.5,-2.9,-8.3,-0.3
420,Raymond Felton,PG,30,DAL,25,175,9.2,.436,.313,.179,0.6,7.6,4.1,20.0,1.7,1.4,15.2,21.8,,-0.2,0.1,-0.1,-0.020,,-4.0,-1.9,-5.9,-0.2
421,Ian Clark,SG,23,TOT,27,172,7.7,.461,.551,.143,2.7,6.7,4.7,9.9,1.9,0.9,11.8,15.7,,0.0,0.1,0.1,.038,,-2.3,-1.5,-3.8,-0.1
422,Luigi Datome,SF,27,TOT,18,167,12.7,.558,.449,.000,1.3,15.3,8.2,7.4,0.3,2.8,10.4,20.2,,0.1,0.1,0.2,.061,,-1.7,-1.8,-3.5,-0.1
423,Noah Vonleh,PF,19,CHO,21,163,13.9,.480,.133,.356,11.8,21.4,16.5,2.9,0.9,3.4,8.8,15.9,,0.1,0.3,0.4,.113,,-3.9,-0.1,-4.0,-0.1
424,Toney Douglas,PG,28,NOP,10,160,12.2,.454,.348,.283,1.4,14.1,7.8,21.2,3.3,1.9,14.8,17.3,,0.0,0.2,0.2,.059,,-1.8,1.1,-0.7,0.1
425,DeJuan Blair,PF,25,WAS,27,151,6.8,.473,.000,.130,9.2,26.3,18.0,3.1,1.0,0.5,18.4,18.0,,-0.2,0.2,0.1,.023,,-7.0,-1.5,-8.4,-0.2
426,Jorge Gutierrez,PG,26,TOT,17,138,11.4,.555,.091,.273,3.3,14.7,9.1,20.3,1.9,0.0,19.6,15.1,,0.1,0.1,0.3,.090,,-2.3,-0.4,-2.8,0.0
427,Ekpe Udoh,PF,27,LAC,33,128,11.6,.519,.000,.375,6.3,16.4,11.5,8.5,3.2,4.5,20.0,12.3,,0.0,0.2,0.3,.101,,-3.4,4.2,0.8,0.1
428,Shavlik Randolph,PF,31,TOT,21,126,7.2,.298,.143,.343,13.8,19.3,16.5,4.4,2.0,1.8,6.9,15.1,,-0.2,0.2,0.0,-0.003,,-5.7,0.0,-5.7,-0.1
429,Dahntay Jones,SF,34,LAC,32,123,1.8,.406,.190,.524,0.9,8.1,4.6,2.1,1.2,0.0,3.7,9.9,,0.0,0.1,0.0,.011,,-5.1,-1.3,-6.4,-0.1
430,JaMychal Green,PF,24,TOT,21,122,13.0,.564,.128,.205,14.1,17.6,15.9,4.1,0.4,1.9,20.6,20.1,,0.1,0.2,0.2,.079,,-3.0,-2.0,-5.0,-0.1
431,James Michael McAdoo,PF,22,GSW,14,121,18.3,.548,.000,.525,13.8,18.1,16.0,1.2,2.0,4.9,9.2,19.5,,0.2,0.2,0.5,.182,,-2.7,0.0,-2.7,0.0
432,Elliot Williams,SG,25,TOT,13,119,8.7,.477,.486,.108,0.0,7.6,3.8,15.6,1.8,0.0,9.4,16.5,,0.0,0.1,0.1,.039,,-1.7,-2.9,-4.6,-0.1
433,Jordan Hamilton,SF,24,LAC,13,118,8.2,.543,.600,.000,2.0,13.1,7.7,8.5,0.4,0.0,10.3,14.9,,0.1,0.1,0.1,.055,,-1.1,-2.5,-3.6,0.0
434,Nazr Mohammed,C,37,CHI,21,118,7.7,.412,.000,.103,9.5,21.6,15.7,2.6,1.8,2.4,18.8,14.2,,-0.2,0.2,0.0,.015,,-6.9,0.3,-6.6,-0.1
435,Jarnell Stokes,PF,21,MEM,18,117,16.6,.563,.000,.788,14.7,16.5,15.6,4.1,1.8,2.8,13.6,20.2,,0.2,0.2,0.4,.159,,-1.2,-0.1,-1.4,0.0
436,Bernard James,C,29,DAL,12,112,19.2,.698,.000,1.200,13.6,14.8,14.2,4.8,0.5,7.3,11.6,10.3,,0.4,0.1,0.5,.231,,1.0,3.1,4.1,0.2
437,Shayne Whittington,PF,23,IND,20,108,19.9,.547,.143,.548,10.3,19.4,14.9,9.6,2.4,1.5,8.8,23.9,,0.3,0.2,0.4,.200,,0.5,0.0,0.4,0.1
438,Brendan Haywood,C,35,CLE,21,104,8.3,.478,.000,.370,6.7,23.9,15.4,2.9,1.0,6.1,24.2,18.0,,-0.2,0.2,0.0,-0.007,,-8.4,1.2,-7.3,-0.1
439,Kenyon Martin,PF,37,MIL,11,104,10.1,.437,.000,.091,6.7,14.2,10.5,7.0,2.5,4.9,11.6,11.2,,0.0,0.2,0.2,.083,,-4.4,3.6,-0.8,0.0
440,Chris Douglas-Roberts,SG,28,LAC,12,103,3.3,.387,.333,.381,1.1,11.8,6.6,5.0,0.5,0.0,0.0,10.7,,0.0,0.0,0.0,.019,,-4.4,-1.6,-6.1,-0.1
441,C.J. Wilcox,SG,24,LAC,21,101,8.6,.527,.500,.053,1.1,6.6,3.9,12.0,1.5,0.8,20.5,21.9,,-0.1,0.1,-0.1,-0.024,,-3.3,-2.7,-6.0,-0.1
442,Reggie Williams,SF,28,SAS,19,101,11.9,.477,.514,.108,5.7,13.2,9.5,15.1,0.5,0.0,4.9,18.3,,0.1,0.1,0.2,.106,,0.3,-2.2,-1.9,0.0
443,Earl Barron,C,33,PHO,13,89,-0.2,.291,.042,.333,9.8,11.2,10.5,3.1,1.1,0.0,12.7,15.5,,-0.2,0.1,-0.2,-0.089,,-7.9,-2.1,-9.9,-0.2
444,Shannon Brown,SG,29,MIA,5,89,4.4,.482,.368,.211,0.0,1.3,0.7,5.2,2.4,0.0,16.2,13.1,,-0.1,0.0,0.0,-0.016,,-4.2,-1.9,-6.1,-0.1
445,Jared Cunningham,SG,23,LAC,19,89,7.3,.452,.394,.394,1.3,10.0,5.7,16.4,1.7,0.0,15.3,23.2,,-0.1,0.1,0.0,-0.024,,-4.0,-2.7,-6.7,-0.1
446,Xavier Henry,SF,23,LAL,9,86,4.9,.424,.000,1.846,2.5,2.7,2.6,4.8,1.8,0.0,11.3,13.8,,-0.1,0.0,-0.1,-0.030,,-5.5,-2.4,-7.8,-0.1
447,Victor Claver,SF,26,POR,10,76,9.3,.600,.550,.000,4.3,23.5,14.1,1.9,0.7,0.9,16.7,14.2,,0.0,0.1,0.1,.088,,-2.9,-1.3,-4.2,0.0
448,Dwight Buycks,PG,25,LAL,4,74,17.1,.725,.318,.364,2.9,12.4,7.5,13.4,2.1,0.0,28.2,21.4,,0.1,0.0,0.1,.071,,-0.1,-2.1,-2.2,0.0
449,Earl Clark,PF,27,BRK,7,73,9.4,.430,.444,.074,1.5,26.0,13.9,4.3,2.1,4.4,12.5,19.9,,-0.1,0.1,0.0,-0.014,,-6.0,0.7,-5.4,-0.1
450,Jannero Pargo,PG,35,CHO,9,73,14.9,.571,.629,.057,0.0,4.6,2.3,20.6,0.0,0.0,7.7,24.2,,0.1,0.0,0.2,.116,,3.0,-6.1,-3.1,0.0
451,Sean Kilpatrick,SG,25,MIN,4,72,10.0,.506,.650,.200,1.5,8.2,4.8,8.4,2.1,0.0,8.4,14.5,,0.1,0.0,0.1,.036,,-0.7,-2.9,-3.7,0.0
452,Ognjen Kuzmic,C,24,GSW,16,72,12.9,.727,.000,.333,10.8,14.5,12.7,11.1,1.4,1.0,26.7,11.3,,0.2,0.1,0.3,.173,,-0.3,1.1,0.8,0.1
453,Drew Gordon,C,24,PHI,9,71,3.7,.428,.158,.105,10.2,17.7,13.7,4.8,0.7,0.0,28.7,17.2,,-0.2,0.1,-0.1,-0.093,,-9.0,-2.3,-11.4,-0.2
454,Will Cherry,PG,23,CLE,8,69,5.8,.347,.474,.316,1.7,6.5,4.2,16.3,4.5,1.1,15.6,16.8,,-0.1,0.1,0.0,-0.021,,-4.4,0.7,-3.7,0.0
455,Bryce Cotton,PG,22,UTA,11,68,5.5,.449,.348,.261,3.4,11.8,7.7,11.6,0.8,0.0,21.4,22.1,,-0.1,0.0,-0.1,-0.058,,-5.8,-2.9,-8.8,-0.1
456,Greg Stiemsma,C,29,TOR,17,66,7.8,.717,.000,.500,15.8,10.5,13.1,6.6,1.6,0.0,41.8,11.5,,0.0,0.0,0.1,.050,,-1.0,-0.6,-1.6,0.0
457,Quincy Miller,PF,22,TOT,7,63,11.3,.372,.389,.611,3.7,17.5,10.8,9.0,4.8,3.8,11.6,18.1,,-0.1,0.1,0.0,.017,,-4.6,2.4,-2.3,0.0
458,Cameron Bairstow,PF,24,CHI,17,62,2.1,.309,.000,.357,10.8,3.4,7.0,2.3,1.7,1.2,15.6,13.9,,-0.1,0.0,-0.1,-0.052,,-6.8,-0.9,-7.7,-0.1
459,Clint Capela,C,20,HOU,10,55,4.5,.254,.000,.714,20.0,30.2,25.1,2.8,0.9,8.5,15.3,25.7,,-0.3,0.1,-0.2,-0.179,,-14.0,0.3,-13.7,-0.2
460,Jack Cooley,PF,23,UTA,12,52,11.1,.480,.000,.462,9.0,22.1,15.6,0.0,5.1,1.5,11.3,15.6,,0.0,0.1,0.1,.113,,-5.4,-0.7,-6.1,-0.1
461,Russ Smith,PG,23,TOT,10,50,-5.9,.359,.500,.500,2.3,6.8,4.5,11.1,2.1,0.0,33.9,27.0,,-0.3,0.0,-0.3,-0.277,,-11.5,-2.6,-14.1,-0.2
462,Gal Mekel,PG,26,NOP,4,43,0.5,.150,.150,.000,0.0,2.6,1.3,42.4,2.4,0.0,9.1,23.3,,-0.2,0.0,-0.2,-0.238,,-10.3,-6.4,-16.7,-0.2
463,Darius Miller,SF,24,NOP,5,43,-5.1,.143,.143,.000,0.0,2.6,1.3,6.1,1.2,0.0,12.5,8.5,,-0.1,0.0,-0.1,-0.123,,-8.4,-1.5,-9.9,-0.1
464,Glen Rice,SG,24,WAS,5,43,-3.6,.312,.467,.400,5.4,5.1,5.3,6.5,0.0,0.0,10.2,20.8,,-0.1,0.0,-0.1,-0.121,,-7.0,-4.1,-11.0,-0.1
465,Andrei Kirilenko,SF,33,BRK,7,36,2.8,.222,.000,.800,6.3,18.6,12.5,3.6,1.4,0.0,12.9,9.8,,-0.1,0.0,0.0,-0.060,,-8.1,-0.2,-8.3,-0.1
466,Zoran Dragic,SG,25,TOT,14,34,-3.2,.209,.538,.231,10.0,6.7,8.4,12.6,0.0,0.0,12.3,21.7,,-0.2,0.0,-0.2,-0.242,,-8.4,-4.4,-12.8,-0.1
467,Lester Hudson,SG,30,LAC,3,34,9.0,.359,.250,.500,0.0,19.5,10.0,7.7,7.5,0.0,17.0,15.6,,-0.1,0.1,0.0,.010,,-5.9,5.0,-0.9,0.0
468,Paul George,SF,24,IND,2,30,18.7,.531,.474,.316,0.0,18.4,9.2,12.8,6.9,0.0,18.8,40.1,,-0.1,0.1,0.0,.039,,-0.7,0.7,0.0,0.0
469,Patrick Christopher,SG,26,UTA,4,29,-2.6,.250,.333,.000,8.1,15.8,12.0,0.0,1.8,0.0,7.7,20.6,,-0.1,0.0,-0.1,-0.151,,-10.6,-5.7,-16.4,-0.1
470,Grant Jerrett,PF,21,TOT,6,28,-9.9,.206,.765,.000,3.9,11.3,7.7,5.3,0.0,5.6,10.5,29.3,,-0.2,0.0,-0.2,-0.335,,-11.7,-3.7,-15.3,-0.1
471,Will Bynum,SG,32,WAS,4,27,9.4,.385,.231,.000,0.0,8.2,4.2,49.0,1.9,3.0,18.8,26.9,,-0.1,0.0,0.0,-0.041,,-4.5,-2.1,-6.6,0.0
472,Arinze Onuaku,C,27,MIN,2,26,12.4,.750,.000,.000,4.3,27.3,15.4,6.0,0.0,3.0,20.0,8.5,,0.0,0.0,0.0,.081,,-3.3,-0.7,-4.1,0.0
473,Bruno Caboclo,SF,19,TOR,8,23,-1.9,.417,.250,.000,5.0,5.0,5.0,0.0,0.0,3.5,25.0,31.5,,-0.1,0.0,-0.1,-0.275,,-12.6,-6.3,-18.9,-0.1
474,Lucas Nogueira,C,22,TOR,6,23,5.2,.307,.000,.500,10.0,45.2,27.6,6.2,4.5,0.0,17.0,23.1,,-0.1,0.1,0.0,-0.072,,-11.0,0.7,-10.3,0.0
475,Miroslav Raduljica,C,27,MIN,5,23,3.3,.450,.000,.250,9.6,15.4,12.4,0.0,2.2,0.0,18.4,20.8,,0.0,0.0,0.0,-0.055,,-8.2,-6.1,-14.2,-0.1
476,Andre Dawkins,SG,23,MIA,4,22,-5.0,.250,1.000,.000,0.0,10.8,5.5,6.7,0.0,0.0,14.3,15.0,,-0.1,0.0,-0.1,-0.173,,-7.6,-3.9,-11.5,-0.1
477,Ronny Turiaf,C,32,MIN,2,19,4.3,,,,0.0,6.2,3.0,13.9,0.0,0.0,,0.0,,0.0,0.0,0.0,.011,,-5.6,-2.0,-7.6,0.0
478,Toure' Murry,SG-PG,25,TOT,5,18,1.1,.510,.000,.400,6.4,0.0,3.1,8.3,2.8,0.0,40.5,25.0,,-0.1,0.0,-0.1,-0.170,,-10.0,-1.2,-11.2,0.0
479,Jerel McNeal,PG,27,PHO,3,17,-11.6,.200,.200,.000,0.0,13.0,6.4,7.9,0.0,4.5,37.5,20.6,,-0.1,0.0,-0.1,-0.357,,-16.8,0.2,-16.6,-0.1
480,Alex Kirk,C,23,CLE,5,14,8.5,.410,.000,.500,8.3,0.0,4.1,10.1,0.0,0.0,0.0,15.7,,0.0,0.0,0.0,.062,,-3.0,-4.3,-7.4,0.0
481,Julius Randle,PF,20,LAL,1,14,-7.5,.258,.000,.667,0.0,0.0,0.0,0.0,0.0,0.0,20.5,15.5,,-0.1,0.0,-0.1,-0.276,,-12.2,-4.5,-16.7,-0.1
482,Seth Curry,PG,24,PHO,2,8,-11.4,.000,.333,.000,0.0,27.6,13.7,15.6,0.0,0.0,0.0,16.4,,-0.1,0.0,0.0,-0.296,,-14.2,-1.6,-15.7,0.0
483,David Stockton,PG,23,SAC,1,7,-11.1,.205,.500,.500,0.0,31.5,16.2,18.9,0.0,0.0,45.0,28.0,,-0.1,0.0,-0.1,-0.497,,-19.0,-1.7,-20.7,0.0
484,Tyrus Thomas,PF,28,MEM,2,7,31.5,1.064,.000,2.000,0.0,0.0,0.0,22.5,0.0,0.0,0.0,12.3,,0.1,0.0,0.1,.478,,6.8,-8.5,-1.7,0.0
485,David Wear,PF,24,SAC,2,7,2.4,.000,.500,.000,33.6,0.0,16.2,18.9,0.0,0.0,0.0,12.6,,0.0,0.0,0.0,-0.111,,-0.3,-2.7,-3.0,0.0
486,Kalin Lucas,PG,25,MEM,1,6,-0.7,.000,.000,.000,0.0,0.0,0.0,0.0,8.7,0.0,0.0,7.7,,0.0,0.0,0.0,-0.057,,-7.9,6.6,-1.4,0.0
487,Jerrelle Benimon,PF,23,UTA,2,3,4.7,,,,38.9,76.5,57.9,0.0,0.0,0.0,100.0,15.3,,0.0,0.0,0.0,-0.215,,-20.2,-6.7,-26.9,0.0
488,Sim Bhullar,C,22,SAC,2,2,29.8,.500,.000,.000,0.0,55.0,28.4,0.0,0.0,0.0,0.0,44.1,,0.0,0.0,0.0,.087,,-10.3,-15.7,-26.0,0.0
489,Malcolm Lee,SG,24,PHI,1,2,-19.8,.000,.000,.000,0.0,0.0,0.0,0.0,0.0,0.0,0.0,21.8,,0.0,0.0,0.0,-0.529,,-21.9,-6.6,-28.5,0.0
490,Eric Moreland,PF,23,SAC,3,2,40.9,1.000,.000,.000,0.0,55.0,28.4,0.0,0.0,0.0,0.0,22.0,,0.0,0.0,0.0,.431,,5.8,-10.3,-4.5,0.0
